ticker,displayName,securityType,isCore,yahooSymbol,localEvents,reachable,epsQuarters,revQuarters,hasTtmRevenue,hasTtmEbitda,priceBars,priceReachable,state,reasons
ABXX CN,"Abaxx Technologies",operating,true,ABXX.NE,3,true,3,4,true,false,1,true,PARTIAL,thin-price-history
BN US,"Brookfield",operating,true,BN,1,true,0,4,true,true,20,true,PARTIAL,no-past-quarters
BOLSY US,"B3",operating,true,BOLSY,4,true,4,4,true,true,19,true,OK,
CENX US,"Century Aluminum",operating,true,CENX,5,true,4,4,true,true,19,true,OK,
CS CN,"Capstone Copper",operating,true,CS.TO,5,true,4,3,true,true,19,true,OK,
HBM US,"Hudbay Minerals",operating,true,HBM,5,true,4,4,true,true,19,true,OK,
SHLE CN,"Source Energy Services",operating,true,SHLE.TO,5,true,4,4,true,true,19,true,OK,
TGB US,"Taseko Mines",operating,true,TGB,5,true,4,4,true,true,19,true,OK,
TNZ CN,"Tenaz Energy",operating,true,TNZ.TO,4,true,3,4,true,true,19,true,OK,
TOI CN,"Topicus.com",operating,true,TOI.V,5,true,4,3,true,true,19,true,OK,
VLE CN,"Valeura Energy",operating,true,VLE.TO,5,true,4,4,true,true,19,true,OK,
DBG CN,"Doubleview Gold",developer,true,DBG.V,0,true,0,0,false,true,19,true,PARTIAL,no-past-quarters
SCMI CN,"Selkirk Copper Mines",developer,true,SCMI.V,0,true,0,0,false,true,19,true,PARTIAL,no-past-quarters
WRN US,"Western Copper and Gold",developer,true,WRN,0,true,4,4,false,true,19,true,OK,
005930 KS,"Samsung Electronics Co.",operating,false,005930.KS,5,true,4,4,true,true,21,true,OK,
000660 KS,"SK hynix",operating,false,000660.KS,5,true,4,4,true,true,21,true,OK,
005935 KS,"Samsung Electronics Co.",operating,false,005935.KS,4,true,4,4,true,true,21,true,OK,
NVDA80 TB,"NVIDIA",operating,false,NVDA80.BK,0,true,0,4,true,true,21,true,PARTIAL,no-past-quarters
402340 KS,"SK Square Co.",operating,false,402340.KS,2,true,1,4,true,true,21,true,OK,
009150 KS,"Samsung Electro-Mechanics Co.",operating,false,009150.KS,5,true,4,4,true,true,21,true,OK,
NVDA MM,"NVIDIA",operating,false,NVDA.MX,1,true,0,4,true,true,21,true,PARTIAL,no-past-quarters
AAPL MM,"Apple",operating,false,AAPL.MX,1,true,0,4,true,true,21,true,PARTIAL,no-past-quarters
CYBR IT,"PALO ALTO NETWORKS",operating,false,CYBR.TA,1,true,0,4,true,true,19,true,PARTIAL,no-past-quarters
MLPT IJ,"PT Multipolar Technology Tbk",operating,false,MLPT.JK,0,true,0,0,true,true,22,true,PARTIAL,no-past-quarters
SAP HB,"SAP SE",operating,false,SAP.BD,1,true,0,4,true,true,20,true,PARTIAL,no-past-quarters
2330 TT,"Taiwan Semiconductor Manufacturing Company",operating,false,2330.TW,5,true,4,4,true,true,22,true,OK,
GOTO IJ,"PT GoTo Gojek Tokopedia Tbk",operating,false,GOTO.JK,5,true,4,3,true,true,22,true,OK,
MSFT MM,"Microsoft",operating,false,MSFT.MX,1,true,0,4,true,true,21,true,PARTIAL,no-past-quarters
TSMN MM,"Taiwan Semiconductor Manufacturing Company",operating,false,TSMN.MX,1,true,0,4,true,true,20,true,PARTIAL,no-past-quarters
009155 KS,"Samsung Electro-Mechanics Co.",operating,false,009155.KS,0,true,0,4,true,true,21,true,PARTIAL,no-past-quarters
066570 KS,"LG Electronics",operating,false,066570.KS,5,true,4,4,true,true,21,true,OK,
285A JP,"KIOXIA HOLDINGS",operating,false,285A.T,5,true,4,0,true,true,21,true,OK,
8035 JP,"Tokyo Electron",operating,false,8035.T,5,true,4,0,true,true,21,true,OK,
NVDC34 BZ,"NVIDIA",operating,false,NVDC34.SA,0,true,0,4,true,true,20,true,PARTIAL,no-past-quarters
AAPL34 BZ,"Apple",operating,false,AAPL34.SA,0,true,0,4,true,true,20,true,PARTIAL,no-past-quarters
6758 JP,"Sony Group",operating,false,6758.T,5,true,4,4,true,true,21,true,OK,
6857 JP,"Advantest",operating,false,6857.T,5,true,4,0,true,true,21,true,OK,
SMSNN MM,"Samsung Electronics Co.",operating,false,SMSNN.MX,1,true,0,4,true,true,20,true,PARTIAL,no-past-quarters
042700 KS,"HANMI Semiconductor Co.",operating,false,042700.KS,5,true,4,3,true,true,21,true,OK,
MU MM,"Micron Technology",operating,false,MU.MX,1,true,0,4,true,true,21,true,PARTIAL,no-past-quarters
6861 JP,"Keyence",operating,false,6861.T,5,true,4,0,true,true,21,true,OK,
018260 KS,"Samsung SDS Co.",operating,false,018260.KS,5,true,4,4,true,true,21,true,OK,
003550 KS,"LG",operating,false,003550.KS,5,true,4,4,true,true,21,true,OK,
AMD MM,"Advanced Micro Devices",operating,false,AMD.MX,1,true,0,4,true,true,21,true,PARTIAL,no-past-quarters
BHG SJ,"BHP Group",operating,false,BHG.JO,0,true,0,0,true,true,20,true,PARTIAL,no-past-quarters
AMMN IJ,"PT Amman Mineral Internasional Tbk",operating,false,AMMN.JK,4,true,4,3,true,true,22,true,OK,
TPIA IJ,"PT Chandra Asri Pacific Tbk",operating,false,TPIA.JK,0,true,0,0,true,true,22,true,PARTIAL,no-past-quarters
BRPT IJ,"PT Barito Pacific Tbk",operating,false,BRPT.JK,5,true,4,3,true,true,22,true,OK,
GLN SJ,"Glencore",operating,false,GLN.JO,0,true,0,0,true,true,20,true,PARTIAL,no-past-quarters
EMAS IJ,"PT Merdeka Gold Resources Tbk",operating,false,EMAS.JK,0,true,0,0,true,true,22,true,PARTIAL,no-past-quarters
UNTR IJ,"PT United Tractors Tbk",operating,false,UNTR.JK,5,true,4,3,true,true,22,true,OK,
AGL SJ,"Anglo American",operating,false,AGL.JO,1,true,0,0,true,true,20,true,PARTIAL,no-past-quarters
BRMS IJ,"PT Bumi Resources Minerals Tbk",operating,false,BRMS.JK,4,true,4,4,true,true,22,true,OK,
ANTM IJ,"PT Antam (Persero) Tbk",operating,false,ANTM.JK,5,true,4,3,true,true,22,true,OK,
ANG SJ,"AngloGold Ashanti",operating,false,ANG.JO,3,true,2,4,true,true,20,true,OK,
MDKA IJ,"PT Merdeka Copper Gold Tbk",operating,false,MDKA.JK,4,true,3,4,true,true,22,true,OK,
ADMR IJ,"PT Alamtri Minerals Indonesia Tbk",operating,false,ADMR.JK,4,true,4,3,true,true,22,true,OK,
MBMA IJ,"PT Merdeka Battery Materials Tbk.",operating,false,MBMA.JK,4,true,4,4,true,true,22,true,OK,
NCKL IJ,"PT Trimegah Bangun Persada Tbk",operating,false,NCKL.JK,4,true,4,3,true,true,22,true,OK,
INCO IJ,"PT Vale Indonesia Tbk",operating,false,INCO.JK,4,true,4,3,true,true,22,true,OK,
GFI SJ,"Gold Fields",operating,false,GFI.JO,1,true,0,0,true,true,20,true,PARTIAL,no-past-quarters
PTRO IJ,"PT Petrosea Tbk",operating,false,PTRO.JK,0,true,0,0,true,true,22,true,PARTIAL,no-past-quarters
INKP IJ,"PT Indah Kiat Pulp & Paper Tbk",operating,false,INKP.JK,5,true,4,4,true,true,22,true,OK,
VAL SJ,"Valterra Platinum",operating,false,VAL.JO,0,true,0,0,true,true,20,true,PARTIAL,no-past-quarters
ARCI IJ,"PT Archi Indonesia Tbk",operating,false,ARCI.JK,0,true,0,0,true,true,22,true,PARTIAL,no-past-quarters
TINS IJ,"PT TIMAH Tbk",operating,false,TINS.JK,2,true,2,4,true,true,22,true,OK,
005490 KS,"POSCO Holdings",operating,false,005490.KS,5,true,4,4,true,true,21,true,OK,
S32 SJ,"South32",operating,false,S32.JO,0,true,0,0,true,true,20,true,PARTIAL,no-past-quarters
010130 KS,"Korea Zinc Company",operating,false,010130.KS,0,true,0,4,true,true,21,true,PARTIAL,no-past-quarters
051910 KS,"LG Chem",operating,false,051910.KS,5,true,4,4,true,true,21,true,OK,
TKIM IJ,"PT Pabrik Kertas Tjiwi Kimia Tbk",operating,false,TKIM.JK,0,true,0,0,true,true,22,true,PARTIAL,no-past-quarters
AVIA IJ,"PT Avia Avian Tbk",operating,false,AVIA.JK,1,true,1,4,true,true,22,true,OK,
HAR SJ,"Harmony Gold Mining Company",operating,false,HAR.JO,0,true,0,0,true,true,20,true,PARTIAL,no-past-quarters
BHP LN,"BHP Group",operating,false,BHP.L,0,true,0,0,true,true,20,true,PARTIAL,no-past-quarters
IMP SJ,"Impala Platinum Holdings",operating,false,IMP.JO,0,true,0,0,true,true,20,true,PARTIAL,no-past-quarters
BASF HB,"BASF SE",operating,false,BASF.BD,1,true,0,3,true,true,20,true,PARTIAL,no-past-quarters
INTP IJ,"PT Indocement Tunggal Prakarsa Tbk",operating,false,INTP.JK,5,true,4,3,true,true,22,true,OK,
CMNT IJ,"PT Cemindo Gemilang Tbk",operating,false,CMNT.JK,0,true,0,0,true,true,22,true,PARTIAL,no-past-quarters
BYAN IJ,"PT Bayan Resources Tbk.",operating,false,BYAN.JK,1,true,0,0,true,true,22,true,PARTIAL,no-past-quarters
DSSA IJ,"PT Dian Swastatika Sentosa Tbk",operating,false,DSSA.JK,0,true,0,0,true,true,22,true,PARTIAL,no-past-quarters
CUAN IJ,"PT Petrindo Jaya Kreasi Tbk",operating,false,CUAN.JK,0,true,0,0,true,true,22,true,PARTIAL,no-past-quarters
ADRO IJ,"PT Alamtri Resources Indonesia Tbk",operating,false,ADRO.JK,5,true,4,3,true,true,22,true,OK,
AADI IJ,"Adaro Andalan Indonesia Tbk.",operating,false,AADI.JK,3,true,3,3,true,true,22,true,OK,
BUMI IJ,"PT Bumi Resources Tbk",operating,false,BUMI.JK,2,true,1,1,true,true,22,true,OK,
GEMS IJ,"PT Golden Energy Mines Tbk",operating,false,GEMS.JK,0,true,0,0,true,true,22,true,PARTIAL,no-past-quarters
ENRG IJ,"PT Energi Mega Persada Tbk",operating,false,ENRG.JK,0,true,0,0,true,true,22,true,PARTIAL,no-past-quarters
MEDC IJ,"PT Medco Energi Internasional Tbk",operating,false,MEDC.JK,4,true,4,3,true,true,22,true,OK,
AKRA IJ,"PT AKR Corporindo Tbk",operating,false,AKRA.JK,3,true,3,3,true,true,22,true,OK,
PTBA IJ,"PT Bukit Asam (Persero) Tbk",operating,false,PTBA.JK,3,true,3,3,true,true,22,true,OK,
ITMG IJ,"PT Indo Tambangraya Megah Tbk",operating,false,ITMG.JK,2,true,2,4,true,true,22,true,OK,
096770 KS,"SK Innovation Co.",operating,false,096770.KS,5,true,4,4,true,true,21,true,OK,
DEWA IJ,"PT Darma Henwa Tbk",operating,false,DEWA.JK,0,true,0,0,true,true,22,true,PARTIAL,no-past-quarters
SHEL LN,"Shell",operating,false,SHEL.L,5,true,4,4,true,true,20,true,OK,
RELIANCE IN,"Reliance Industries",operating,false,RELIANCE.BO,5,true,4,3,true,true,2,true,PARTIAL,thin-price-history
010950 KS,"S-Oil",operating,false,010950.KS,5,true,4,4,true,true,21,true,OK,
267250 KS,"HD Hyundai Co.",operating,false,267250.KS,0,true,0,4,true,true,21,true,PARTIAL,no-past-quarters
INDY IJ,"PT. Indika Energy Tbk",operating,false,INDY.JK,0,true,0,2,true,true,22,true,PARTIAL,no-past-quarters
RATU IJ,"Raharja Energi Cepu Tbk.",operating,false,RATU.JK,0,true,0,0,true,true,22,true,PARTIAL,no-past-quarters
MCOL IJ,"PT Prima Andalan Mandiri Tbk",operating,false,MCOL.JK,0,true,0,0,true,true,22,true,PARTIAL,no-past-quarters
XOM MM,"ExxonMobil Holdings",operating,false,XOM.MX,1,true,0,4,true,true,20,true,PARTIAL,no-past-quarters
BSSR IJ,"PT Baramulti Suksessarana Tbk",operating,false,BSSR.JK,0,true,0,0,true,true,22,true,PARTIAL,no-past-quarters
BP-A LN,"BP p.l.c.",operating,false,BP-A.L,0,true,0,4,true,true,20,true,PARTIAL,no-past-quarters
BP-B LN,"BP p.l.c.",operating,false,BP-B.L,0,true,0,4,true,true,20,true,PARTIAL,no-past-quarters
HRUM IJ,"PT Harum Energy Tbk",operating,false,HRUM.JK,0,true,0,4,true,true,22,true,PARTIAL,no-past-quarters
096775 KS,"SK Innovation Co.",operating,false,096775.KS,0,true,0,4,true,true,21,true,PARTIAL,no-past-quarters
RMKE IJ,"PT RMK Energy Tbk",operating,false,RMKE.JK,0,true,0,0,true,true,22,true,PARTIAL,no-past-quarters
BP LN,"BP p.l.c.",operating,false,BP.L,5,true,4,4,true,true,20,true,OK,
010955 KS,"S-Oil",operating,false,010955.KS,0,true,0,4,true,true,21,true,PARTIAL,no-past-quarters
SGER IJ,"PT Sumber Global Energy Tbk",operating,false,SGER.JK,0,true,0,0,true,true,22,true,PARTIAL,no-past-quarters
ABMM IJ,"PT ABM Investama Tbk",operating,false,ABMM.JK,2,true,2,0,true,true,22,true,OK,
CVX MM,"Chevron",operating,false,CVX.MX,1,true,0,4,true,true,20,true,PARTIAL,no-past-quarters
600281 CH,"Shanxi Huayang New Material Co.,Ltd.",developer,false,600281.SS,0,true,0,0,true,true,22,true,PARTIAL,no-past-quarters
4616 JP,"Kawakami Paint Mfg.Co.,Ltd.",developer,false,4616.T,0,true,2,0,true,true,21,true,OK,
ITX LN,"Itaconix",developer,false,ITX.L,0,true,0,0,true,true,20,true,PARTIAL,no-past-quarters
VBK GR,"Verbio SE",developer,false,VBK.F,0,true,2,4,true,true,20,true,OK,
IE CN,"Ivanhoe Electric",developer,false,IE.TO,0,true,4,4,true,true,19,true,OK,
VBKG AV,"Verbio SE",developer,false,VBKG.VI,0,true,0,4,true,true,20,true,PARTIAL,no-past-quarters
SUMAS TI,"Sumas Suni Tahta ve Mobilya Sanayi A.S.",developer,false,SUMAS.IS,0,true,0,0,true,true,19,true,PARTIAL,no-past-quarters
SHREYANIND IN,"Shreyans Industries",developer,false,SHREYANIND.NS,0,true,3,0,true,true,21,true,OK,
BGWTATO IN,"Bhagwati Autocast",developer,false,BGWTATO.BO,0,true,0,0,true,true,21,true,PARTIAL,no-past-quarters
9MIB GR,"Perpetua Resources",developer,false,9MIB.F,0,true,0,4,false,true,21,true,PARTIAL,no-past-quarters
1091 HK,"South Manganese Investment",developer,false,1091.HK,0,true,0,0,true,true,21,true,PARTIAL,no-past-quarters
MITSU IN,"Mitsu Chem Plast",developer,false,MITSU.BO,0,true,0,0,true,true,21,true,PARTIAL,no-past-quarters
1735 TT,"Evermore Chemical Industry Co.",developer,false,1735.TW,0,true,3,0,true,true,22,true,OK,
USNZY US,"Usinas Siderúrgicas de Minas Gerais S.A.",developer,false,USNZY,0,true,0,3,true,true,19,true,PARTIAL,no-past-quarters
STHINPA IN,"The South India Paper Mills",developer,false,STHINPA.BO,0,true,1,0,true,true,21,true,OK,
HTR GR,"Huntsman",developer,false,HTR.F,0,true,0,4,true,true,21,true,PARTIAL,no-past-quarters
RDX AU,"Redox",developer,false,RDX.AX,0,true,0,0,true,true,22,true,PARTIAL,no-past-quarters
FLQ GR,"Fletcher Building",developer,false,FLQ.F,0,true,0,0,true,true,20,true,PARTIAL,no-past-quarters
001255 C1,"Zhejiang Bofay Electric Co.",developer,false,001255.SZ,0,true,0,0,true,true,22,true,PARTIAL,no-past-quarters
002360 C1,"Shanxi Tond Chemical Co.",developer,false,002360.SZ,0,true,0,0,true,true,22,true,PARTIAL,no-past-quarters
NPKYY US,"Nippon Kayaku Co.",developer,false,NPKYY,0,true,0,0,true,true,19,true,PARTIAL,no-past-quarters
000953 C1,"Guangxi Chisage Fine Chemical Technology Co.",developer,false,000953.SZ,0,true,1,1,true,true,22,true,OK,
COCHINM IN,"Cochin Minerals and Rutile",developer,false,COCHINM.BO,0,true,1,0,true,true,21,true,OK,
AKSHARCHEM IN,"AKSHARCHEM (INDIA)",developer,false,AKSHARCHEM.BO,0,true,2,0,true,true,21,true,OK,
300387 C1,"Hubei Forbon Technology Co.,Ltd.",developer,false,300387.SZ,0,true,0,0,true,true,22,true,PARTIAL,no-past-quarters
300665 C1,"Zhuzhou Feilu High-Tech Materials Co.",developer,false,300665.SZ,0,true,0,0,true,true,22,true,PARTIAL,no-past-quarters
SMIT-R TB,"Sahamit Machinery Public Company",developer,false,SMIT-R.BK,0,true,0,0,true,true,21,true,PARTIAL,no-past-quarters
SMIT TB,"Sahamit Machinery Public Company",developer,false,SMIT.BK,0,true,0,0,true,true,21,true,PARTIAL,no-past-quarters
1812 HK,"Shandong Chenming Paper Holdings",developer,false,1812.HK,0,true,0,4,true,true,21,true,PARTIAL,no-past-quarters
TAINWALCHM IN,"Tainwala Chemicals and Plastics (India)",developer,false,TAINWALCHM.NS,0,true,0,0,true,true,22,true,PARTIAL,no-past-quarters
002679 C1,"Fujian Jinsen Forestry Co.,Ltd",developer,false,002679.SZ,0,true,0,0,true,true,22,true,PARTIAL,no-past-quarters
RBTEF US,"Robertet",developer,false,RBTEF,0,true,0,0,true,true,19,true,PARTIAL,no-past-quarters
ILKAF US,"Iluka Resources",developer,false,ILKAF,0,true,0,0,true,true,19,true,PARTIAL,no-past-quarters
NSHKF US,"Nippon Shokubai Co.",developer,false,NSHKF,0,true,0,0,true,true,19,true,PARTIAL,no-past-quarters
KESARPE IN,"Kesar Petroproducts",developer,false,KESARPE.BO,0,true,4,0,true,true,21,true,OK,
USA CN,"Americas Gold and Silver",developer,false,USA.TO,0,true,4,4,true,true,19,true,OK,
KKA GR,"Kaneka",developer,false,KKA.F,0,true,0,0,true,true,20,true,PARTIAL,no-past-quarters
S9Y GR,"Silvercorp Metals",developer,false,S9Y.F,0,true,0,4,true,true,21,true,PARTIAL,no-past-quarters
301036 C1,"Sunlour Pigment Co.",developer,false,301036.SZ,0,true,0,0,true,true,22,true,PARTIAL,no-past-quarters
002802 C1,"Wuxi Honghui New Materials Technology Co.",developer,false,002802.SZ,0,true,1,0,true,true,22,true,OK,
603968 CH,"Nantong Acetic Acid Chemical Co.",developer,false,603968.SS,0,true,0,0,true,true,22,true,PARTIAL,no-past-quarters
LMP GR,"Lee & Man Paper Manufacturing",developer,false,LMP.F,0,true,0,0,true,true,21,true,PARTIAL,no-past-quarters
300610 C1,"Yangzhou Chenhua New Material Co.",developer,false,300610.SZ,0,true,0,0,true,true,22,true,PARTIAL,no-past-quarters
ALK AU,"Alkane Resources",developer,false,ALK.AX,0,true,4,0,true,true,22,true,OK,
2489 HK,"Persistence Resources Group",developer,false,2489.HK,0,true,0,0,true,true,21,true,PARTIAL,no-past-quarters
EMB GR,"5N Plus",developer,false,EMB.SG,0,true,0,3,true,true,21,true,PARTIAL,no-past-quarters
AVIVA IN,"Aviva Industries",developer,false,AVIVA.BO,0,true,0,0,true,false,20,true,PARTIAL,no-past-quarters
CMTHF US,"Cementir Holding",developer,false,CMTHF,0,true,0,4,true,true,19,true,PARTIAL,no-past-quarters
EMERGENT IN,"Emergent Industrial Solutions",developer,false,EMERGENT.BO,0,true,0,0,true,true,21,true,PARTIAL,no-past-quarters
002999 C1,"Guangdong Tianhe Agricultural Means of Production Co.",developer,false,002999.SZ,0,true,0,0,true,true,22,true,PARTIAL,no-past-quarters
ZEOOY US,"Zeon",developer,false,ZEOOY,0,true,0,0,true,true,19,true,PARTIAL,no-past-quarters
6981 JP,"Murata Manufacturing Co.",operating,false,6981.T,4,true,4,2,true,true,21,true,OK,
011070 KS,"LG Innotek Co.",operating,false,011070.KS,4,true,4,4,true,true,21,true,OK,
MSFT34 BZ,"Microsoft",operating,false,MSFT34.SA,0,true,0,4,true,true,20,true,PARTIAL,no-past-quarters
ASML1N MM,"ASML Holding",operating,false,ASML1N.MX,0,true,0,4,true,true,20,true,PARTIAL,no-past-quarters
ASMLN MM,"ASML Holding",operating,false,ASMLN.MX,0,true,0,4,true,true,20,true,PARTIAL,no-past-quarters
066575 KS,"LG Electronics",operating,false,066575.KS,0,true,0,4,true,true,21,true,PARTIAL,no-past-quarters
307950 KS,"Hyundai Autoever",operating,false,307950.KS,0,true,0,4,true,true,21,true,PARTIAL,no-past-quarters
WIFI IJ,"PT Solusi Sinergi Digital Tbk",operating,false,WIFI.JK,0,true,0,0,true,true,22,true,PARTIAL,no-past-quarters
TSMC34 BZ,"Taiwan Semiconductor Manufacturing Company",operating,false,TSMC34.SA,0,true,0,4,true,true,20,true,PARTIAL,no-past-quarters
003555 KS,"LG",operating,false,003555.KS,0,true,0,4,true,true,21,true,PARTIAL,no-past-quarters
AVGO34 BZ,"Broadcom",operating,false,AVGO34.SA,0,true,0,4,true,true,20,true,PARTIAL,no-past-quarters
6752 JP,"Panasonic Holdings",operating,false,6752.T,4,true,4,0,true,true,21,true,OK,
TSEM IT,"Tower Semiconductor",operating,false,TSEM.TA,0,true,0,4,true,true,19,true,PARTIAL,no-past-quarters
TCS IN,"Tata Consultancy Services",operating,false,TCS.NS,4,true,4,3,true,true,22,true,OK,
INTC MM,"Intel",operating,false,INTC.MX,0,true,0,4,true,true,20,true,PARTIAL,no-past-quarters
CSCO MM,"Cisco Systems",operating,false,CSCO.MX,0,true,0,4,true,true,20,true,PARTIAL,no-past-quarters
AMAT MM,"Applied Materials",operating,false,AMAT.MX,0,true,0,4,true,true,20,true,PARTIAL,no-past-quarters
CYBR IJ,"PT ITSEC Asia Tbk",operating,false,CYBR.JK,0,true,0,0,true,true,22,true,PARTIAL,no-past-quarters
6723 JP,"Renesas Electronics",operating,false,6723.T,4,true,4,0,true,true,21,true,OK,
NVDA CN,"NVIDIA",operating,false,NVDA.NE,0,true,0,4,true,true,14,true,PARTIAL,no-past-quarters
AAPL CN,"Apple",operating,false,AAPL.NE,0,true,0,4,true,true,14,true,PARTIAL,no-past-quarters
036930 KS,"JUSUNG ENGINEERING Co.,Ltd.",operating,false,036930.KQ,0,true,0,4,false,false,21,true,PARTIAL,no-past-quarters|no-fundamentals
LRCX MM,"Lam Research",operating,false,LRCX.MX,0,true,0,4,true,true,21,true,PARTIAL,no-past-quarters
6146 JP,"Disco",operating,false,6146.T,4,true,4,0,true,true,21,true,OK,
064400 KS,"LG CNS",operating,false,064400.KS,4,true,4,4,true,true,21,true,OK,
007660 KS,"ISU Petasys Co.",operating,false,007660.KS,4,true,4,4,true,true,21,true,OK,
MTDL IJ,"PT Metrodata Electronics Tbk",operating,false,MTDL.JK,0,true,0,0,true,true,22,true,PARTIAL,no-past-quarters
377300 KS,"Kakao Pay",operating,false,377300.KS,4,true,4,4,true,true,21,true,OK,
CITA IJ,"PT Cita Mineral Investindo Tbk",operating,false,CITA.JK,0,true,0,0,true,true,22,true,PARTIAL,no-past-quarters
SOL SJ,"Sasol",operating,false,SOL.JO,0,true,0,0,true,true,20,true,PARTIAL,no-past-quarters
4063 JP,"Shin-Etsu Chemical Co.",operating,false,4063.T,4,true,4,0,true,true,21,true,OK,
PSAB IJ,"PT J Resources Asia Pasifik Tbk",operating,false,PSAB.JK,0,true,0,0,true,true,22,true,PARTIAL,no-past-quarters
RIO LN,"Rio Tinto",operating,false,RIO.L,0,true,0,0,true,true,20,true,PARTIAL,no-past-quarters
ESSA IJ,"PT ESSA Industries Indonesia Tbk.",operating,false,ESSA.JK,0,true,0,1,true,true,22,true,PARTIAL,no-past-quarters
SSW SJ,"Sibanye Stillwater",operating,false,SSW.JO,0,true,0,0,true,true,20,true,PARTIAL,no-past-quarters
SMGR IJ,"PT Semen Indonesia (Persero) Tbk",operating,false,SMGR.JK,4,true,4,3,true,true,22,true,OK,
051915 KS,"LG Chem",operating,false,051915.KS,0,true,0,4,true,true,21,true,PARTIAL,no-past-quarters
NPH SJ,"Northam Platinum Holdings",operating,false,NPH.JO,0,true,0,0,true,true,20,true,PARTIAL,no-past-quarters
AGII IJ,"PT Samator Indo Gas Tbk",operating,false,AGII.JK,0,true,0,0,true,true,22,true,PARTIAL,no-past-quarters
KIO SJ,"Kumba Iron Ore",operating,false,KIO.JO,0,true,0,0,true,true,20,true,PARTIAL,no-past-quarters
MNP SJ,"Mondi",operating,false,MNP.JO,0,true,0,0,true,true,20,true,PARTIAL,no-past-quarters
SOLBE1 SJ,"Sasol",operating,false,SOLBE1.JO,0,true,0,0,true,true,20,true,PARTIAL,no-past-quarters
GLEN LN,"Glencore",operating,false,GLEN.L,0,true,0,0,true,true,20,true,PARTIAL,no-past-quarters
SINI IJ,"PT Singaraja Putra Tbk",operating,false,SINI.JK,0,true,0,0,true,true,22,true,PARTIAL,no-past-quarters
NICL IJ,"PT PAM Mineral Tbk",operating,false,NICL.JK,0,true,0,0,true,true,22,true,PARTIAL,no-past-quarters
UNIC IJ,"PT Unggul Indah Cahaya Tbk",operating,false,UNIC.JK,0,true,0,0,true,true,22,true,PARTIAL,no-past-quarters
KRAS IJ,"PT Krakatau Steel (Persero) Tbk",operating,false,KRAS.JK,0,true,0,1,true,true,22,true,PARTIAL,no-past-quarters
PAN SJ,"Pan African Resources",operating,false,PAN.JO,0,true,0,0,true,true,20,true,PARTIAL,no-past-quarters
LIN1N MM,"Linde",operating,false,LIN1N.MX,0,true,0,4,true,true,20,true,PARTIAL,no-past-quarters
011790 KS,"SKC Co.",operating,false,011790.KS,4,true,4,4,true,true,21,true,OK,
AAL LN,"Anglo American",operating,false,AAL.L,0,true,0,0,true,true,20,true,PARTIAL,no-past-quarters
ZIJIN80 TB,"Zijin Mining Group Company",operating,false,ZIJIN80.BK,0,true,0,3,true,true,21,true,PARTIAL,no-past-quarters
WPM LN,"Wheaton Precious Metals",operating,false,WPM.L,0,true,0,4,true,true,20,true,PARTIAL,no-past-quarters
SMMT IJ,"PT Golden Eagle Energy Tbk",operating,false,SMMT.JK,0,true,0,0,true,true,22,true,PARTIAL,no-past-quarters
SHELL CP,"Shell",operating,false,SHELL.PR,0,true,0,4,true,true,19,true,PARTIAL,no-past-quarters
SHIP IJ,"PT Sillo Maritime Perdana Tbk",operating,false,SHIP.JK,1,true,1,1,true,true,22,true,OK,
ELSA IJ,"PT Elnusa Tbk",operating,false,ELSA.JK,0,true,0,4,true,true,22,true,PARTIAL,no-past-quarters
EXX SJ,"Exxaro Resources",operating,false,EXX.JO,0,true,0,0,true,true,20,true,PARTIAL,no-past-quarters
1605 JP,"Inpex",operating,false,1605.T,4,true,4,0,true,true,21,true,OK,
SHELN MM,"Shell",operating,false,SHELN.MX,0,true,0,4,true,true,20,true,PARTIAL,no-past-quarters
SHEL1N MM,"Shell",operating,false,SHEL1N.MX,0,true,0,4,true,true,20,true,PARTIAL,no-past-quarters
SURE IJ,"PT Super Energy Tbk",operating,false,SURE.JK,0,true,0,0,true,true,22,true,PARTIAL,no-past-quarters
ADANIENT IN,"Adani Enterprises",operating,false,ADANIENT.NS,4,true,4,3,true,true,22,true,OK,
TOBA IJ,"PT TBS Energi Utama Tbk",operating,false,TOBA.JK,0,true,0,0,true,true,22,true,PARTIAL,no-past-quarters
MKAP IJ,"Multikarya Asia Pasifik Raya Tb",operating,false,MKAP.JK,0,true,0,0,true,true,22,true,PARTIAL,no-past-quarters
CTBN IJ,"PT Citra Tubindo Tbk",operating,false,CTBN.JK,0,true,0,0,true,true,22,true,PARTIAL,no-past-quarters
5020 JP,"ENEOS Holdings",operating,false,5020.T,4,true,4,0,true,true,21,true,OK,
MOL HB,"MOL Magyar Olaj- és Gázipari Nyilvánosan Muködo Részvénytársaság",operating,false,MOL.BD,4,true,4,4,true,true,20,true,OK,
EXXO34 BZ,"ExxonMobil Holdings",operating,false,EXXO34.SA,0,true,0,4,true,true,20,true,PARTIAL,no-past-quarters
TTENN MM,"TOTALENERGIES SE",operating,false,TTENN.MX,0,true,0,4,true,true,20,true,PARTIAL,no-past-quarters
ONGC IN,"Oil and Natural Gas Corporation",operating,false,ONGC.BO,4,true,4,4,true,true,2,true,PARTIAL,thin-price-history
COALINDIA IN,"Coal India",operating,false,COALINDIA.BO,4,true,4,2,true,true,21,true,OK,
COP MM,"ConocoPhillips",operating,false,COP.MX,0,true,0,4,true,true,20,true,PARTIAL,no-past-quarters
MYOH IJ,"PT Samindo Resources Tbk",operating,false,MYOH.JK,0,true,0,0,true,true,22,true,PARTIAL,no-past-quarters
018670 KS,"SK Gas Co.",operating,false,018670.KS,0,true,0,4,true,true,21,true,PARTIAL,no-past-quarters
DWGL IJ,"PT Dwi Guna Laksana Tbk",operating,false,DWGL.JK,0,true,0,0,true,true,22,true,PARTIAL,no-past-quarters
PBRN MM,"Petróleo Brasileiro S.A. - Petrobras",operating,false,PBRN.MX,0,true,0,4,true,true,20,true,PARTIAL,no-past-quarters
NWMD IT,"NewMed Energy - Limited Partnership",operating,false,NWMD.TA,4,true,4,4,true,true,19,true,OK,
IOC IN,"Indian Oil Corporation",operating,false,IOC.NS,4,true,4,3,true,true,22,true,OK,
601857 CH,"PetroChina Company",operating,false,601857.SS,0,true,0,3,true,true,22,true,PARTIAL,no-past-quarters
CHVX34 BZ,"Chevron",operating,false,CHVX34.SA,0,true,0,4,true,true,20,true,PARTIAL,no-past-quarters
BPN MM,"BP p.l.c.",operating,false,BPN.MX,0,true,0,4,true,true,20,true,PARTIAL,no-past-quarters
PBRAN MM,"Petróleo Brasileiro S.A. - Petrobras",operating,false,PBRAN.MX,0,true,0,4,true,true,20,true,PARTIAL,no-past-quarters
1VBK IM,"Verbio SE",developer,false,1VBK.MI,0,true,0,4,true,true,20,true,PARTIAL,no-past-quarters
AFM CN,"Alphamin Resources",developer,false,AFM.V,0,true,3,3,true,true,19,true,OK,
IY4 GR,"Imerys S.A.",developer,false,IY4.F,0,true,0,0,true,true,21,true,PARTIAL,no-past-quarters
CHE-UN CN,"Chemtrade Logistics Income Fund",developer,false,CHE-UN.TO,0,true,4,4,true,true,19,true,OK,
603616 CH,"Beijing Hanjian Heshan Pipeline Co.,Ltd",developer,false,603616.SS,0,true,0,0,true,true,22,true,PARTIAL,no-past-quarters
DVP AU,"Develop Global",developer,false,DVP.AX,0,true,0,0,true,true,22,true,PARTIAL,no-past-quarters
NK FP,"Imerys S.A.",developer,false,NK.PA,0,true,0,0,true,true,20,true,PARTIAL,no-past-quarters
HYMC US,"Hycroft Mining Holding",developer,false,HYMC,0,true,4,4,false,true,20,true,OK,
S2GM34 BZ,"Sigma Lithium",developer,false,S2GM34.SA,0,true,0,4,true,true,20,true,PARTIAL,no-past-quarters
MAXIMUS IN,"Maximus International",developer,false,MAXIMUS.BO,0,true,0,0,true,true,21,true,PARTIAL,no-past-quarters
300305 C1,"Jiangsu Yuxing Film Technology Co.",developer,false,300305.SZ,0,true,1,4,true,true,22,true,OK,
600802 CH,"Fujian Cement",developer,false,600802.SS,0,true,0,0,true,true,22,true,PARTIAL,no-past-quarters
7TC GR,"Tokai Carbon Co.",developer,false,7TC.F,0,true,0,0,true,true,21,true,PARTIAL,no-past-quarters
000637 C1,"Maoming Petro-Chemical Shihua Co.",developer,false,000637.SZ,0,true,1,1,true,true,22,true,OK,
XUSI SM,"Usinas Siderúrgicas de Minas Gerais S.A.",developer,false,XUSI.MC,0,true,0,3,true,true,20,true,PARTIAL,no-past-quarters
ECREY US,"Ecora Royalties",developer,false,ECREY,0,true,0,0,true,true,14,true,PARTIAL,no-past-quarters
4361 JP,"Kawaguchi Chemical Industry Co.",developer,false,4361.T,0,true,2,0,true,true,21,true,OK,
KANKF US,"Kaneka",developer,false,KANKF,0,true,0,0,true,true,19,true,PARTIAL,no-past-quarters
301065 C1,"Zhejiang Benli Technology Co.",developer,false,301065.SZ,0,true,0,0,true,true,22,true,PARTIAL,no-past-quarters
AMR US,"Alpha Metallurgical Resources",developer,false,AMR,0,true,4,4,true,true,19,true,OK,
ALK CN,"ALKANE RESOURCES",developer,false,ALK.TO,0,true,0,0,true,true,19,true,PARTIAL,no-past-quarters
300637 C1,"Yangfan New Materials (Zhejiang) Co.",developer,false,300637.SZ,0,true,1,1,true,true,22,true,OK,
DRD US,"DRDGOLD",developer,false,DRD,0,true,0,0,true,true,19,true,PARTIAL,no-past-quarters
688203 CH,"Zhejiang Hisun Biomaterials Co.Ltd.",developer,false,688203.SS,0,true,0,0,true,true,22,true,PARTIAL,no-past-quarters
002652 C1,"Suzhou Yangtze New Materials Co.",developer,false,002652.SZ,0,true,0,0,true,true,22,true,PARTIAL,no-past-quarters
000985 C1,"Daqing Huake Company",developer,false,000985.SZ,0,true,0,0,true,true,22,true,PARTIAL,no-past-quarters
U1S0 GR,"Usinas Siderúrgicas de Minas Gerais S.A.",developer,false,U1S0.F,0,true,0,3,true,true,21,true,PARTIAL,no-past-quarters
U1S1 GR,"Usinas Siderúrgicas de Minas Gerais S.A.",developer,false,U1S1.F,0,true,0,3,true,true,21,true,PARTIAL,no-past-quarters
SLS CN,"Solaris Resources",developer,false,SLS.TO,0,true,4,4,false,true,19,true,OK,
301300 C1,"Fujian Yuanxiang New Materials Co.,Ltd",developer,false,301300.SZ,0,true,0,0,true,true,22,true,PARTIAL,no-past-quarters
2HW GR,"Nanshan Aluminium International Holdings",developer,false,2HW.F,0,true,0,0,true,true,21,true,PARTIAL,no-past-quarters
OCT GR,"Innospec",developer,false,OCT.F,0,true,0,4,true,true,21,true,PARTIAL,no-past-quarters
WS US,"Worthington Steel",developer,false,WS,0,true,3,4,true,true,19,true,OK,
RUDRA IN,"Rudra Global Infra Products",developer,false,RUDRA.BO,0,true,0,0,true,true,21,true,PARTIAL,no-past-quarters
002909 C1,"Guangzhou Jointas Chemical Co.",developer,false,002909.SZ,0,true,0,0,true,true,22,true,PARTIAL,no-past-quarters
SICUF US,"Siam City Cement Public Company",developer,false,SICUF,0,true,0,4,true,true,19,true,PARTIAL,no-past-quarters
ZEOOF US,"Zeon",developer,false,ZEOOF,0,true,0,0,true,true,19,true,PARTIAL,no-past-quarters
ISBTR TI,"Türkiye Is Bankasi A.S.",operating,false,ISBTR.IS,0,true,0,4,true,false,19,true,PARTIAL,no-past-quarters
BBCA IJ,"PT Bank Central Asia Tbk",operating,false,BBCA.JK,4,true,4,3,true,false,22,true,OK,
BBRI IJ,"PT Bank Rakyat Indonesia (Persero) Tbk",operating,false,BBRI.JK,4,true,4,3,true,false,22,true,OK,
BMRI IJ,"PT Bank Mandiri (Persero) Tbk",operating,false,BMRI.JK,4,true,4,2,true,false,22,true,OK,
BBNI IJ,"PT Bank Negara Indonesia (Persero) Tbk",operating,false,BBNI.JK,4,true,4,3,true,false,22,true,OK,
SMMA IJ,"PT Sinar Mas Multiartha Tbk",operating,false,SMMA.JK,0,true,0,0,true,true,22,true,PARTIAL,no-past-quarters
CASA IJ,"PT Capital Financial Indonesia Tbk",operating,false,CASA.JK,0,true,0,0,true,true,22,true,PARTIAL,no-past-quarters
BRIS IJ,"PT Bank Syariah Indonesia Tbk",operating,false,BRIS.JK,0,true,0,3,true,false,22,true,PARTIAL,no-past-quarters
BNLI IJ,"PT Bank Permata Tbk",operating,false,BNLI.JK,1,true,1,3,true,false,22,true,OK,
105560 KS,"KB Financial Group",operating,false,105560.KS,4,true,4,3,true,false,21,true,OK,
032830 KS,"Samsung Life Insurance Co.",operating,false,032830.KS,4,true,4,4,true,true,21,true,OK,
FSR SJ,"FirstRand",operating,false,FSR.JO,0,true,0,0,true,false,20,true,PARTIAL,no-past-quarters
CPI SJ,"Capitec Bank Holdings",operating,false,CPI.JO,0,true,0,0,true,false,20,true,PARTIAL,no-past-quarters
SBK SJ,"Standard Bank Group",operating,false,SBK.JO,0,true,0,0,true,false,20,true,PARTIAL,no-past-quarters
055550 KS,"Shinhan Financial Group Co.",operating,false,055550.KS,4,true,4,2,true,false,21,true,OK,
MEGA IJ,"PT Bank Mega Tbk",operating,false,MEGA.JK,0,true,0,0,true,false,22,true,PARTIAL,no-past-quarters
8306 JP,"Mitsubishi UFJ Financial Group",operating,false,8306.T,4,true,4,4,true,false,21,true,OK,
BNGA IJ,"PT Bank CIMB Niaga Tbk",operating,false,BNGA.JK,0,true,0,4,true,false,22,true,PARTIAL,no-past-quarters
BDMN IJ,"PT Bank Danamon Indonesia Tbk",operating,false,BDMN.JK,0,true,0,3,true,false,22,true,PARTIAL,no-past-quarters
BRKB80 TB,"Berkshire Hathaway",operating,false,BRKB80.BK,0,true,0,3,true,true,21,true,PARTIAL,no-past-quarters
086790 KS,"Hana Financial Group",operating,false,086790.KS,4,true,4,3,true,false,21,true,OK,
NISP IJ,"PT Bank OCBC NISP Tbk",operating,false,NISP.JK,0,true,0,0,true,false,22,true,PARTIAL,no-past-quarters
8316 JP,"Sumitomo Mitsui Financial Group",operating,false,8316.T,4,true,4,4,true,false,21,true,OK,
HSBA LN,"HSBC Holdings",operating,false,HSBA.L,4,true,4,4,true,false,20,true,OK,
000810 KS,"Samsung Fire & Marine Insurance Co.",operating,false,000810.KS,3,true,3,3,true,true,21,true,OK,
BINA IJ,"PT Bank Ina Perdana Tbk",operating,false,BINA.JK,0,true,0,0,true,false,22,true,PARTIAL,no-past-quarters
316140 KS,"Woori Financial Group",operating,false,316140.KS,4,true,4,3,true,false,21,true,OK,
SRTG IJ,"PT Saratoga Investama Sedaya Tbk",operating,false,SRTG.JK,0,true,0,0,true,true,22,true,PARTIAL,no-past-quarters
BTPN IJ,"PT Bank SMBC Indonesia Tbk",operating,false,BTPN.JK,0,true,0,2,true,false,22,true,PARTIAL,no-past-quarters
006800 KS,"Mirae Asset Securities Co.",operating,false,006800.KS,2,true,2,3,true,false,21,true,OK,
PNBN IJ,"PT Bank Pan Indonesia Tbk",operating,false,PNBN.JK,0,true,0,2,true,false,22,true,PARTIAL,no-past-quarters
8411 JP,"Mizuho Financial Group",operating,false,8411.T,4,true,4,4,true,false,21,true,OK,
138040 KS,"Meritz Financial Group",operating,false,138040.KS,4,true,4,4,true,false,21,true,OK,
SUPA IJ,"PT Super Bank Indonesia Tbk",operating,false,SUPA.JK,0,true,0,0,true,false,22,true,PARTIAL,no-past-quarters
BBHI IJ,"PT Allo Bank Indonesia Tbk",operating,false,BBHI.JK,0,true,0,0,true,false,22,true,PARTIAL,no-past-quarters
SRAJ IJ,"PT Sejahteraraya Anugrahjaya Tbk",operating,false,SRAJ.JK,0,true,0,0,true,true,22,true,PARTIAL,no-past-quarters
207940 KS,"Samsung Biologics Co.,Ltd.",operating,false,207940.KS,4,true,4,3,true,true,21,true,OK,
068270 KS,"Celltrion",operating,false,068270.KS,4,true,4,3,true,true,21,true,OK,
KLBF IJ,"PT Kalbe Farma Tbk.",operating,false,KLBF.JK,4,true,4,3,true,true,22,true,OK,
SILO IJ,"PT Siloam International Hospitals Tbk",operating,false,SILO.JK,1,true,1,3,true,true,22,true,OK,
MIKA IJ,"PT Mitra Keluarga Karyasehat Tbk",operating,false,MIKA.JK,4,true,4,3,true,true,22,true,OK,
AZN LN,"AstraZeneca",operating,false,AZN.L,4,true,4,3,true,true,20,true,OK,
LLY MM,"Eli Lilly and",operating,false,LLY.MX,0,true,0,4,true,true,20,true,PARTIAL,no-past-quarters
196170 KS,"ALTEOGEN",operating,false,196170.KQ,3,true,3,4,true,true,21,true,OK,
BAYER HB,"Bayer Aktiengesellschaft",operating,false,BAYER.BD,0,true,0,4,true,true,20,true,PARTIAL,no-past-quarters
SOHO IJ,"PT Soho Global Health Tbk",operating,false,SOHO.JK,0,true,0,0,true,true,22,true,PARTIAL,no-past-quarters
CARE IJ,"PT Metro Healthcare Indonesia Tbk",operating,false,CARE.JK,0,true,0,0,true,true,22,true,PARTIAL,no-past-quarters
HEAL IJ,"PT Medikaloka Hermina Tbk",operating,false,HEAL.JK,1,true,1,3,true,true,22,true,OK,
4519 JP,"Chugai Pharmaceutical Co.",operating,false,4519.T,4,true,4,0,true,true,21,true,OK,
JNJ MM,"Johnson & Johnson",operating,false,JNJ.MX,0,true,0,4,true,true,20,true,PARTIAL,no-past-quarters
TEVA IT,"Teva Pharmaceutical Industries",operating,false,TEVA.TA,0,true,0,4,true,true,19,true,PARTIAL,no-past-quarters
PRAY IJ,"PT Famon Awal Bros Sedaya Tbk",operating,false,PRAY.JK,0,true,0,0,true,true,22,true,PARTIAL,no-past-quarters
0126Z0 KS,"SAMSUNG EPIS",operating,false,0126Z0.KS,1,true,1,0,true,true,21,true,OK,
4502 JP,"Takeda Pharmaceutical Company",operating,false,4502.T,4,true,4,4,true,true,21,true,OK,
7741 JP,"HOYA",operating,false,7741.T,4,true,4,0,true,true,21,true,OK,
ABBV MM,"AbbVie",operating,false,ABBV.MX,0,true,0,4,true,true,20,true,PARTIAL,no-past-quarters
GSK LN,"GSK",operating,false,GSK.L,4,true,4,4,true,true,20,true,OK,
UNH MM,"UnitedHealth Group Incorporated",operating,false,UNH.MX,0,true,0,3,true,true,20,true,PARTIAL,no-past-quarters
APN SJ,"Aspen Pharmacare Holdings",operating,false,APN.JO,0,true,0,0,true,true,20,true,PARTIAL,no-past-quarters
326030 KS,"SK Biopharmaceuticals Co.",operating,false,326030.KS,4,true,4,4,true,true,21,true,OK,
EPMT IJ,"PT Enseval Putera Megatrading Tbk.",operating,false,EPMT.JK,0,true,0,0,true,true,22,true,PARTIAL,no-past-quarters
4578 JP,"Otsuka Holdings Co.",operating,false,4578.T,4,true,4,0,true,true,21,true,OK,
MRK MM,"Merck & Co.",operating,false,MRK.MX,0,true,0,4,true,true,20,true,PARTIAL,no-past-quarters
OMED IJ,"PT Jayamas Medica Industri Tbk",operating,false,OMED.JK,0,true,0,0,true,true,22,true,PARTIAL,no-past-quarters
LILY34 BZ,"Eli Lilly and",operating,false,LILY34.SA,0,true,0,4,true,true,20,true,PARTIAL,no-past-quarters
000100 KS,"Yuhan",operating,false,000100.KS,4,true,4,4,true,true,21,true,OK,
SAME IJ,"PT Sarana Meditama Metropolitan Tbk",operating,false,SAME.JK,0,true,0,0,true,true,22,true,PARTIAL,no-past-quarters
4568 JP,"Daiichi Sankyo Company",operating,false,4568.T,4,true,4,0,true,true,21,true,OK,
NVSN MM,"Novartis",operating,false,NVSN.MX,0,true,0,4,true,true,20,true,PARTIAL,no-past-quarters
CLS SJ,"Clicks Group",operating,false,CLS.JO,0,true,0,0,true,true,20,true,PARTIAL,no-past-quarters
128940 KS,"Hanmi Pharm. Co.",operating,false,128940.KS,0,true,0,4,true,true,21,true,PARTIAL,no-past-quarters
SUNPHARMA IN,"Sun Pharmaceutical Industries",operating,false,SUNPHARMA.NS,4,true,4,3,true,true,21,true,OK,
JECX IJ,"Nitrasanata Dharma Tbk.",operating,false,JECX.JK,0,true,0,0,true,true,16,true,PARTIAL,no-past-quarters
AZN1N MM,"AstraZeneca",operating,false,AZN1N.MX,0,true,0,3,true,true,20,true,PARTIAL,no-past-quarters
000105 KS,"Yuhan",operating,false,000105.KS,0,true,0,4,true,true,21,true,PARTIAL,no-past-quarters
LPKR IJ,"PT Lippo Karawaci Tbk",operating,false,LPKR.JK,0,true,0,4,true,true,22,true,PARTIAL,no-past-quarters
028300 KS,"HLB Co.",operating,false,028300.KQ,0,true,0,0,true,true,21,true,PARTIAL,no-past-quarters
298380 KS,"ABL Bio",operating,false,298380.KQ,0,true,0,0,true,true,21,true,PARTIAL,no-past-quarters
4503 JP,"Astellas Pharma",operating,false,4503.T,4,true,4,0,true,true,21,true,OK,
NOVOBN MM,"Novo Nordisk A/S",operating,false,NOVOBN.MX,0,true,0,4,true,true,20,true,PARTIAL,no-past-quarters
214450 KS,"PharmaResearch Co.",operating,false,214450.KQ,3,true,3,4,true,true,21,true,OK,
MARK IJ,"PT Mark Dynamics Indonesia Tbk",operating,false,MARK.JK,0,true,0,0,true,true,22,true,PARTIAL,no-past-quarters
NVON MM,"Novo Nordisk A/S",operating,false,NVON.MX,0,true,0,4,true,true,20,true,PARTIAL,no-past-quarters
TMO MM,"Thermo Fisher Scientific",operating,false,TMO.MX,0,true,0,3,true,true,20,true,PARTIAL,no-past-quarters
141080 KS,"LigaChem Biosciences",operating,false,141080.KQ,4,true,4,4,true,true,21,true,OK,
000250 KS,"Sam Chun Dang Pharm. Co.",operating,false,000250.KQ,1,true,1,2,false,false,21,true,PARTIAL,no-fundamentals
AMGN MM,"Amgen",operating,false,AMGN.MX,0,true,0,4,true,true,20,true,PARTIAL,no-past-quarters
MMIX IJ,"PT Multi Medika Internasional Tbk",operating,false,MMIX.JK,0,true,0,0,true,true,22,true,PARTIAL,no-past-quarters
4543 JP,"Terumo",operating,false,4543.T,4,true,4,0,true,true,21,true,OK,
JNJB34 BZ,"Johnson & Johnson",operating,false,JNJB34.SA,0,true,0,4,true,true,20,true,PARTIAL,no-past-quarters
HLN LN,"Haleon",operating,false,HLN.L,3,true,3,0,true,true,20,true,OK,
ABT MM,"Abbott Laboratories",operating,false,ABT.MX,0,true,0,3,true,true,20,true,PARTIAL,no-past-quarters
087010 KS,"Peptron",operating,false,087010.KQ,0,true,0,0,false,false,21,true,PARTIAL,no-past-quarters|no-fundamentals
214150 KS,"CLASSYS",operating,false,214150.KQ,4,true,4,4,true,true,21,true,OK,
MDLA IJ,"Medela Potentia Tbk.",operating,false,MDLA.JK,0,true,0,0,true,true,22,true,PARTIAL,no-past-quarters
GILD MM,"Gilead Sciences",operating,false,GILD.MX,0,true,0,4,true,true,20,true,PARTIAL,no-past-quarters
302440 KS,"SK bioscience Co.,Ltd.",operating,false,302440.KS,4,true,4,4,true,true,21,true,OK,
145020 KS,"Hugel",operating,false,145020.KQ,4,true,4,4,true,true,21,true,OK,
DCP SJ,"Dis-Chem Pharmacies",operating,false,DCP.JO,0,true,0,0,true,true,20,true,PARTIAL,no-past-quarters
347850 KS,"D&D Pharmatech",operating,false,347850.KQ,0,true,0,0,true,true,21,true,PARTIAL,no-past-quarters
AZN SS,"AstraZeneca",operating,false,AZN.ST,4,true,4,3,true,true,20,true,OK,
KAEF IJ,"PT Kimia Farma Tbk",operating,false,KAEF.JK,0,true,0,0,true,true,22,true,PARTIAL,no-past-quarters
4507 JP,"Shionogi & Co.",operating,false,4507.T,4,true,4,0,true,true,21,true,OK,
PFE MM,"Pfizer",operating,false,PFE.MX,0,true,0,4,true,true,21,true,PARTIAL,no-past-quarters
009420 KS,"Hanall Biopharma Co.",operating,false,009420.KS,0,true,0,4,true,true,21,true,PARTIAL,no-past-quarters
008930 KS,"Hanmi Science Co.",operating,false,008930.KS,0,true,0,0,true,true,21,true,PARTIAL,no-past-quarters
CVS MM,"CVS Health",operating,false,CVS.MX,0,true,0,4,true,true,20,true,PARTIAL,no-past-quarters
PYFA IJ,"PT Pyridam Farma Tbk",operating,false,PYFA.JK,0,true,0,0,true,true,22,true,PARTIAL,no-past-quarters
ASII IJ,"PT Astra International Tbk",operating,false,ASII.JK,4,true,4,3,true,true,22,true,OK,
IMPC IJ,"PT Impack Pratama Industri Tbk",operating,false,IMPC.JK,0,true,0,0,true,true,22,true,PARTIAL,no-past-quarters
373220 KS,"LG Energy Solution",operating,false,373220.KS,4,true,4,3,true,true,21,true,OK,
028260 KS,"Samsung C&T",operating,false,028260.KS,4,true,4,4,true,true,21,true,OK,
329180 KS,"HD Hyundai Heavy Industries Co.",operating,false,329180.KS,4,true,4,4,true,true,21,true,OK,
012450 KS,"Hanwha Aerospace Co.",operating,false,012450.KS,4,true,4,4,true,true,21,true,OK,
034020 KS,"Doosan Enerbility Co.",operating,false,034020.KS,4,true,4,4,true,true,21,true,OK,
034730 KS,"SK",operating,false,034730.KS,4,true,4,4,true,true,21,true,OK,
006400 KS,"Samsung SDI Co.",operating,false,006400.KS,4,true,4,4,true,true,21,true,OK,
02826K KS,"Samsung C&T",operating,false,02826K.KS,0,true,0,4,true,true,21,true,PARTIAL,no-past-quarters
03473K KS,"SK",operating,false,03473K.KS,0,true,0,4,true,true,21,true,PARTIAL,no-past-quarters
010120 KS,"LS ELECTRIC Co.",operating,false,010120.KS,4,true,4,3,true,true,21,true,OK,
267260 KS,"HD Hyundai Electric Co.",operating,false,267260.KS,4,true,4,4,true,true,21,true,OK,
042660 KS,"Hanwha Ocean Co.",operating,false,042660.KS,4,true,4,4,true,true,21,true,OK,
009540 KS,"HD Korea Shipbuilding & Offshore Engineering Co.",operating,false,009540.KS,4,true,4,4,true,true,21,true,OK,
TCPI IJ,"PT Transcoal Pacific Tbk",operating,false,TCPI.JK,0,true,0,0,true,true,22,true,PARTIAL,no-past-quarters
298040 KS,"Hyosung Heavy Industries",operating,false,298040.KS,4,true,4,4,true,true,21,true,OK,
6501 JP,"Hitachi",operating,false,6501.T,4,true,4,0,true,true,21,true,OK,
GIAA IJ,"PT. Garuda Indonesia (Persero) Tbk",operating,false,GIAA.JK,0,true,0,4,true,true,22,true,PARTIAL,no-past-quarters
000150 KS,"Doosan",operating,false,000150.KS,4,true,4,4,true,true,21,true,OK,
JSMR IJ,"PT Jasa Marga (Persero) Tbk",operating,false,JSMR.JK,4,true,4,3,true,true,22,true,OK,
011200 KS,"HMM Co.,Ltd",operating,false,011200.KS,0,true,0,4,true,true,21,true,PARTIAL,no-past-quarters
010140 KS,"Samsung Heavy Industries Co.",operating,false,010140.KS,4,true,4,3,true,true,21,true,OK,
BNBR IJ,"PT Bakrie & Brothers Tbk",operating,false,BNBR.JK,2,true,2,0,true,true,22,true,OK,
8058 JP,"Mitsubishi",operating,false,8058.T,4,true,4,0,true,true,21,true,OK,
086280 KS,"Hyundai Glovis Co.",operating,false,086280.KS,4,true,4,3,true,false,21,true,OK,
079550 KS,"LIG Defense&Aerospace Co.",operating,false,079550.KS,4,true,4,4,true,true,21,true,OK,
006405 KS,"Samsung SDI Co.",operating,false,006405.KS,0,true,0,4,true,true,21,true,PARTIAL,no-past-quarters
064350 KS,"Hyundai Rotem",operating,false,064350.KS,4,true,4,3,true,false,21,true,OK,
047810 KS,"Korea Aerospace Industries",operating,false,047810.KS,4,true,4,4,true,true,21,true,OK,
8031 JP,"Mitsui & Co.",operating,false,8031.T,4,true,4,0,true,true,21,true,OK,
8001 JP,"ITOCHU",operating,false,8001.T,4,true,4,0,true,true,21,true,OK,
7011 JP,"Mitsubishi Heavy Industries",operating,false,7011.T,4,true,4,0,true,true,21,true,OK,
003670 KS,"Posco Future M Co.",operating,false,003670.KS,4,true,4,4,true,true,21,true,OK,
TSPC IJ,"PT Tempo Scan Pacific Tbk",operating,false,TSPC.JK,0,true,0,0,true,true,22,true,PARTIAL,no-past-quarters
RR LN,"Rolls-Royce Holdings",operating,false,RR.L,0,true,0,0,true,true,20,true,PARTIAL,no-past-quarters
272210 KS,"Hanwha Systems Co.",operating,false,272210.KS,0,true,0,4,true,true,21,true,PARTIAL,no-past-quarters
000720 KS,"Hyundai Engineering & Construction Co.,Ltd.",operating,false,000720.KS,4,true,4,4,true,true,21,true,OK,
ALII IJ,"Ancara Logistics Indonesia Tbk.",operating,false,ALII.JK,0,true,0,0,true,true,22,true,PARTIAL,no-past-quarters
ESLT IT,"Elbit Systems",operating,false,ESLT.TA,3,true,3,4,true,true,19,true,OK,
6503 JP,"Mitsubishi Electric",operating,false,6503.T,4,true,4,0,true,true,21,true,OK,
086520 KS,"Ecopro Co.",operating,false,086520.KQ,0,true,0,4,false,false,21,true,PARTIAL,no-past-quarters|no-fundamentals
247540 KS,"EcoPro BM Co.",operating,false,247540.KQ,4,true,4,4,true,true,21,true,OK,
003490 KS,"Korean Airlines Co.,Ltd.",operating,false,003490.KS,0,true,0,4,true,true,21,true,PARTIAL,no-past-quarters
028050 KS,"Samsung E&A Co.",operating,false,028050.KS,4,true,4,3,true,true,21,true,OK,
BIPI IJ,"PT Astrindo Nusantara Infrastruktur Tbk",operating,false,BIPI.JK,0,true,0,0,true,true,22,true,PARTIAL,no-past-quarters
443060 KS,"HD Hyundai Marine Solution CO.,LTD.",operating,false,443060.KS,4,true,4,4,true,true,21,true,OK,
CMNP IJ,"PT Citra Marga Nusaphala Persada Tbk",operating,false,CMNP.JK,0,true,0,0,true,true,22,true,PARTIAL,no-past-quarters
047050 KS,"Posco International",operating,false,047050.KS,0,true,0,4,true,true,21,true,PARTIAL,no-past-quarters
8002 JP,"Marubeni",operating,false,8002.T,4,true,4,0,true,true,21,true,OK,
078930 KS,"GS Holdings",operating,false,078930.KS,0,true,0,4,true,true,21,true,PARTIAL,no-past-quarters
277810 KS,"Rainbow Robotics Co.,Ltd.",operating,false,277810.KQ,0,true,0,0,true,true,21,true,PARTIAL,no-past-quarters
006260 KS,"LS",operating,false,006260.KS,0,true,0,4,true,true,21,true,PARTIAL,no-past-quarters
000880 KS,"Hanwha",operating,false,000880.KS,0,true,0,4,true,true,21,true,PARTIAL,no-past-quarters
BVT SJ,"The Bidvest Group",operating,false,BVT.JO,0,true,0,0,true,true,20,true,PARTIAL,no-past-quarters
ELPI IJ,"PT Pelayaran Nasional Ekalya Purnamasari Tbk",operating,false,ELPI.JK,0,true,0,0,true,true,22,true,PARTIAL,no-past-quarters
003495 KS,"Korean Airlines Co.,Ltd.",operating,false,003495.KS,0,true,0,4,true,true,21,true,PARTIAL,no-past-quarters
8053 JP,"Sumitomo",operating,false,8053.T,4,true,4,0,true,true,21,true,OK,
SPCX34 BZ,"SPACE X     DRN",operating,false,SPCX34.SA,0,true,0,1,true,true,20,true,PARTIAL,no-past-quarters
SSIA IJ,"PT Surya Semesta Internusa Tbk",operating,false,SSIA.JK,0,true,0,0,true,true,22,true,PARTIAL,no-past-quarters
000155 KS,"Doosan",operating,false,000155.KS,0,true,0,4,true,true,21,true,PARTIAL,no-past-quarters
5803 JP,"Fujikura",operating,false,5803.T,4,true,4,0,true,true,21,true,OK,
CFR SJ,"Compagnie Financière Richemont",operating,false,CFR.JO,0,true,0,0,true,true,20,true,PARTIAL,no-past-quarters
PRX SJ,"Prosus",operating,false,PRX.JO,0,true,0,0,true,true,20,true,PARTIAL,no-past-quarters
005380 KS,"Hyundai Motor",operating,false,005380.KS,4,true,4,3,true,true,21,true,OK,
NPN SJ,"Naspers",operating,false,NPN.JO,0,true,0,0,true,true,20,true,PARTIAL,no-past-quarters
005385 KS,"Hyundai Motor",operating,false,005385.KS,0,true,0,3,true,true,21,true,PARTIAL,no-past-quarters
005387 KS,"Hyundai Motor",operating,false,005387.KS,0,true,0,3,true,true,21,true,PARTIAL,no-past-quarters
000270 KS,"Kia",operating,false,000270.KS,4,true,4,3,true,true,21,true,OK,
005389 KS,"Hyundai Motor",operating,false,005389.KS,0,true,0,3,true,true,21,true,PARTIAL,no-past-quarters
AMZN MM,"Amazon.com",operating,false,AMZN.MX,0,true,0,4,true,true,21,true,PARTIAL,no-past-quarters
012330 KS,"Hyundai Mobis Co.,Ltd",operating,false,012330.KS,4,true,4,3,true,true,21,true,OK,
7203 JP,"Toyota Motor",operating,false,7203.T,4,true,4,4,true,true,21,true,OK,
TYT LN,"Toyota Motor",operating,false,TYT.L,0,true,0,4,true,true,21,true,PARTIAL,no-past-quarters
VKTR IJ,"PT VKTR Teknologi Mobilitas Tbk",operating,false,VKTR.JK,0,true,0,0,true,true,22,true,PARTIAL,no-past-quarters
BELI IJ,"PT Global Digital Niaga Tbk",operating,false,BELI.JK,1,true,1,4,true,true,22,true,OK,
9983 JP,"Fast Retailing Co.",operating,false,9983.T,4,true,4,0,true,true,21,true,OK,
MAPI IJ,"PT. Mitra Adiperkasa Tbk",operating,false,MAPI.JK,4,true,4,3,true,true,22,true,OK,
MDIY IJ,"Daya Intiguna Yasa Tbk.",operating,false,MDIY.JK,3,true,3,2,true,true,22,true,OK,
TSLA MM,"Tesla",operating,false,TSLA.MX,0,true,0,4,true,true,21,true,PARTIAL,no-past-quarters
BUVA IJ,"PT Bukit Uluwatu Villa Tbk",operating,false,BUVA.JK,0,true,0,0,true,true,22,true,PARTIAL,no-past-quarters
MAPA IJ,"PT Map Aktif Adiperkasa Tbk",operating,false,MAPA.JK,3,true,3,3,true,true,22,true,OK,
MGLV IJ,"PT NexAI Digital Infrastruktur Tbk",operating,false,MGLV.JK,0,true,0,0,true,true,22,true,PARTIAL,no-past-quarters
SHP SJ,"Shoprite Holdings",operating,false,SHP.JO,0,true,0,0,true,true,20,true,PARTIAL,no-past-quarters
AMZO34 BZ,"Amazon.com",operating,false,AMZO34.SA,0,true,0,4,true,true,20,true,PARTIAL,no-past-quarters
AUTO IJ,"PT Astra Otoparts Tbk",operating,false,AUTO.JK,0,true,0,0,true,true,22,true,PARTIAL,no-past-quarters
BMW HB,"Bayerische Motoren Werke Aktiengesellschaft",operating,false,BMW.BD,0,true,0,3,true,true,20,true,PARTIAL,no-past-quarters
BUKA IJ,"PT Bukalapak.com Tbk.",operating,false,BUKA.JK,0,true,0,4,true,true,22,true,PARTIAL,no-past-quarters
SMSM IJ,"PT Selamat Sempurna Tbk",operating,false,SMSM.JK,0,true,0,0,true,true,22,true,PARTIAL,no-past-quarters
BABA80 TB,"Alibaba Group Holding",operating,false,BABA80.BK,0,true,0,4,true,true,21,true,PARTIAL,no-past-quarters
BABA01 TB,"Alibaba Group Holding",operating,false,BABA01.BK,0,true,0,4,true,true,21,true,PARTIAL,no-past-quarters
POLU IJ,"PT Golden Flower Tbk",operating,false,POLU.JK,0,true,0,0,true,true,22,true,PARTIAL,no-past-quarters
HRTA IJ,"PT Hartadinata Abadi Tbk",operating,false,HRTA.JK,0,true,0,0,true,true,22,true,PARTIAL,no-past-quarters
161390 KS,"Hankook Tire & Technology Co.",operating,false,161390.KS,4,true,4,4,true,true,21,true,OK,
PPH SJ,"Pepkor Holdings",operating,false,PPH.JO,0,true,0,0,true,true,20,true,PARTIAL,no-past-quarters
180640 KS,"Hanjin Kal",operating,false,180640.KS,0,true,0,4,true,true,21,true,PARTIAL,no-past-quarters
5802 JP,"Sumitomo Electric Industries",operating,false,5802.T,4,true,4,0,true,true,21,true,OK,
PACK IJ,"PT Abadi Nusantara Hijau Investama Tbk",operating,false,PACK.JK,0,true,0,0,true,true,22,true,PARTIAL,no-past-quarters
021240 KS,"COWAY Co.",operating,false,021240.KS,4,true,4,4,true,true,21,true,OK,
TSLA34 BZ,"Tesla",operating,false,TSLA34.SA,0,true,0,4,true,true,20,true,PARTIAL,no-past-quarters
ERAA IJ,"PT Erajaya Swasembada Tbk",operating,false,ERAA.JK,0,true,0,3,true,true,22,true,PARTIAL,no-past-quarters
7267 JP,"Honda Motor Co.",operating,false,7267.T,4,true,4,4,true,true,21,true,OK,
ACES IJ,"PT Aspirasi Hidup Indonesia Tbk",operating,false,ACES.JK,2,true,2,3,true,true,22,true,OK,
CLAY IJ,"PT Citra Putra Realty Tbk",operating,false,CLAY.JK,0,true,0,0,true,true,22,true,PARTIAL,no-past-quarters
BOGA IJ,"PT Apollo Global Interactive Tbk",operating,false,BOGA.JK,0,true,0,0,true,true,22,true,PARTIAL,no-past-quarters
HD MM,"The Home Depot",operating,false,HD.MX,0,true,0,4,true,true,21,true,PARTIAL,no-past-quarters
FORE IJ,"PT Fore Kopi Indonesia Tbk",operating,false,FORE.JK,0,true,0,0,true,true,22,true,PARTIAL,no-past-quarters
NATO IJ,"PT Olympus Strategic Indonesia Tbk",operating,false,NATO.JK,0,true,0,0,true,true,22,true,PARTIAL,no-past-quarters
6902 JP,"DENSO",operating,false,6902.T,4,true,4,0,true,true,21,true,OK,
5108 JP,"Bridgestone",operating,false,5108.T,4,true,4,0,true,true,21,true,OK,
BABAN MM,"Alibaba Group Holding",operating,false,BABAN.MX,0,true,0,4,true,true,21,true,PARTIAL,no-past-quarters
MCN MM,"LVMH Moët Hennessy - Louis Vuitton, Société Européenne",operating,false,MCN.MX,0,true,0,0,true,true,20,true,PARTIAL,no-past-quarters
4661 JP,"Oriental Land Co.",operating,false,4661.T,4,true,4,0,true,true,21,true,OK,
004170 KS,"SHINSEGAE",operating,false,004170.KS,4,true,4,4,true,true,21,true,OK,
MARUTI IN,"Maruti Suzuki India",operating,false,MARUTI.NS,4,true,4,3,true,true,21,true,OK,
DRMA IJ,"PT Dharma Polimetal Tbk",operating,false,DRMA.JK,0,true,0,3,true,true,22,true,PARTIAL,no-past-quarters
MPMX IJ,"PT Mitra Pinasthika Mustika Tbk",operating,false,MPMX.JK,0,true,0,0,true,true,22,true,PARTIAL,no-past-quarters
MRP SJ,"Mr Price Group",operating,false,MRP.JO,0,true,0,0,true,true,20,true,PARTIAL,no-past-quarters
TITAN IN,"Titan Company",operating,false,TITAN.BO,4,true,4,3,true,true,2,true,PARTIAL,thin-price-history
GJTL IJ,"PT. Gajah Tunggal Tbk",operating,false,GJTL.JK,0,true,0,0,true,true,22,true,PARTIAL,no-past-quarters
WHL SJ,"Woolworths Holdings",operating,false,WHL.JO,0,true,0,0,true,true,20,true,PARTIAL,no-past-quarters
7269 JP,"Suzuki Motor",operating,false,7269.T,4,true,4,0,true,true,21,true,OK,
M&M IN,"Mahindra & Mahindra",operating,false,M&M.NS,4,true,4,3,true,true,21,true,OK,
PBID IJ,"PT Panca Budi Idaman Tbk",operating,false,PBID.JK,0,true,0,0,true,true,22,true,PARTIAL,no-past-quarters
ANH SJ,"Anheuser-Busch InBev SA/NV",operating,false,ANH.JO,3,true,3,4,true,true,20,true,OK,
BTI SJ,"British American Tobacco p.l.c.",operating,false,BTI.JO,0,true,0,0,true,true,20,true,PARTIAL,no-past-quarters
HMSP IJ,"PT Hanjaya Mandala Sampoerna Tbk",operating,false,HMSP.JK,1,true,1,4,true,true,22,true,OK,
ICBP IJ,"PT Indofood CBP Sukses Makmur Tbk",operating,false,ICBP.JK,4,true,4,3,true,true,22,true,OK,
UNVR IJ,"PT Unilever Indonesia Tbk",operating,false,UNVR.JK,4,true,4,3,true,true,22,true,OK,
INDF IJ,"PT Indofood Sukses Makmur Tbk",operating,false,INDF.JK,0,true,0,3,true,true,22,true,PARTIAL,no-past-quarters
AMRT IJ,"PT Sumber Alfaria Trijaya Tbk",operating,false,AMRT.JK,4,true,4,3,true,true,22,true,OK,
CPIN IJ,"PT Charoen Pokphand Indonesia Tbk",operating,false,CPIN.JK,3,true,3,3,true,true,22,true,OK,
PGUN IJ,"PT Pradiksi Gunatama Tbk",operating,false,PGUN.JK,0,true,0,0,true,true,22,true,PARTIAL,no-past-quarters
MYOR IJ,"PT Mayora Indah Tbk",operating,false,MYOR.JK,0,true,0,3,true,true,22,true,PARTIAL,no-past-quarters
CMRY IJ,"PT Cisarua Mountain Dairy Tbk",operating,false,CMRY.JK,4,true,4,3,true,true,22,true,OK,
TAPG IJ,"PT Triputra Agro Persada Tbk",operating,false,TAPG.JK,1,true,1,4,true,true,22,true,OK,
GGRM IJ,"PT Gudang Garam Tbk",operating,false,GGRM.JK,1,true,1,4,true,true,22,true,OK,
FAPA IJ,"PT FAP Agri Tbk",operating,false,FAPA.JK,0,true,0,0,true,true,22,true,PARTIAL,no-past-quarters
JPFA IJ,"PT Japfa Comfeed Indonesia Tbk",operating,false,JPFA.JK,1,true,1,3,true,true,22,true,OK,
ADES IJ,"PT Akasha Wira International Tbk",operating,false,ADES.JK,0,true,0,0,true,true,22,true,PARTIAL,no-past-quarters
NSSS IJ,"PT Nusantara Sawit Sejahtera Tbk",operating,false,NSSS.JK,0,true,0,0,true,true,22,true,PARTIAL,no-past-quarters
033780 KS,"KT&G",operating,false,033780.KS,4,true,4,4,true,true,21,true,OK,
JARR IJ,"PT Jhonlin Agro Raya Tbk",operating,false,JARR.JK,0,true,0,0,true,true,22,true,PARTIAL,no-past-quarters
SMAR IJ,"PT Sinar Mas Agro Resources and Technology Tbk",operating,false,SMAR.JK,0,true,0,0,true,true,22,true,PARTIAL,no-past-quarters
WMT MM,"Walmart",operating,false,WMT.MX,0,true,0,4,true,true,20,true,PARTIAL,no-past-quarters
RLCO IJ,"Abadi Lestari Indonesia Tbk.",operating,false,RLCO.JK,0,true,0,0,true,true,22,true,PARTIAL,no-past-quarters
BID SJ,"Bid Corporation",operating,false,BID.JO,0,true,0,0,true,true,20,true,PARTIAL,no-past-quarters
ULTJ IJ,"PT Ultrajaya Milk Industry & Trading Company Tbk",operating,false,ULTJ.JK,0,true,0,1,true,true,22,true,PARTIAL,no-past-quarters
MLBI IJ,"PT Multi Bintang Indonesia Tbk",operating,false,MLBI.JK,0,true,0,0,true,true,22,true,PARTIAL,no-past-quarters
DSNG IJ,"PT Dharma Satya Nusantara Tbk",operating,false,DSNG.JK,1,true,1,3,true,true,22,true,OK,
278470 KS,"APR Co.",operating,false,278470.KS,2,true,2,4,true,true,21,true,OK,
STTP IJ,"PT Siantar Top Tbk",operating,false,STTP.JK,0,true,0,0,true,true,22,true,PARTIAL,no-past-quarters
AALI IJ,"PT Astra Agro Lestari Tbk",operating,false,AALI.JK,0,true,0,4,true,true,22,true,PARTIAL,no-past-quarters
KO80 TB,"The Coca-Cola",operating,false,KO80.BK,0,true,0,4,true,true,21,true,PARTIAL,no-past-quarters
STAA IJ,"PT Sumber Tani Agung Resources Tbk",operating,false,STAA.JK,0,true,0,0,true,true,22,true,PARTIAL,no-past-quarters
2914 JP,"Japan Tobacco",operating,false,2914.T,4,true,4,0,true,true,21,true,OK,
YUPI IJ,"Yupi Indo Jelly Gum Tbk.",operating,false,YUPI.JK,0,true,0,0,true,true,22,true,PARTIAL,no-past-quarters
SIDO IJ,"PT Industri Jamu dan Farmasi Sido Muncul Tbk",operating,false,SIDO.JK,4,true,4,3,true,true,22,true,OK,
GOOD IJ,"PT Garudafood Putra Putri Jaya Tbk",operating,false,GOOD.JK,0,true,0,0,true,true,22,true,PARTIAL,no-past-quarters
ULVR LN,"Unilever",operating,false,ULVR.L,0,true,0,0,true,true,20,true,PARTIAL,no-past-quarters
BATS LN,"British American Tobacco p.l.c.",operating,false,BATS.L,0,true,0,0,true,true,20,true,PARTIAL,no-past-quarters
MIDI IJ,"PT Midi Utama Indonesia Tbk",operating,false,MIDI.JK,1,true,1,1,true,true,22,true,OK,
LSIP IJ,"PT Perusahaan Perkebunan London Sumatra Indonesia Tbk",operating,false,LSIP.JK,0,true,0,4,true,true,22,true,PARTIAL,no-past-quarters
SSMS IJ,"PT Sawit Sumbermas Sarana Tbk.",operating,false,SSMS.JK,0,true,0,0,true,true,22,true,PARTIAL,no-past-quarters
003230 KS,"Samyang Foods Co.",operating,false,003230.KS,4,true,4,3,true,true,21,true,OK,
CLEO IJ,"PT Sariguna Primatirta Tbk",operating,false,CLEO.JK,0,true,0,0,true,true,22,true,PARTIAL,no-past-quarters
SIMP IJ,"PT Salim Ivomas Pratama Tbk",operating,false,SIMP.JK,0,true,0,0,true,true,22,true,PARTIAL,no-past-quarters
090430 KS,"Amorepacific",operating,false,090430.KS,4,true,4,4,true,true,21,true,OK,
COST MM,"Costco Wholesale",operating,false,COST.MX,0,true,0,4,true,true,21,true,PARTIAL,no-past-quarters
TLDN IJ,"PT Teladan Prima Agro Tbk",operating,false,TLDN.JK,0,true,0,0,true,true,22,true,PARTIAL,no-past-quarters
PEP80 TB,"PepsiCo",operating,false,PEP80.BK,0,true,0,4,true,true,21,true,PARTIAL,no-past-quarters
KO MM,"The Coca-Cola",operating,false,KO.MX,0,true,0,4,true,true,20,true,PARTIAL,no-past-quarters
PG MM,"The Procter & Gamble",operating,false,PG.MX,0,true,0,4,true,true,20,true,PARTIAL,no-past-quarters
SGRO IJ,"PT Prime Agri Resources Tbk",operating,false,SGRO.JK,0,true,0,0,true,true,22,true,PARTIAL,no-past-quarters
DMND IJ,"PT Diamond Food Indonesia Tbk",operating,false,DMND.JK,0,true,0,0,true,true,22,true,PARTIAL,no-past-quarters
271560 KS,"ORION",operating,false,271560.KS,4,true,4,4,true,true,21,true,OK,
PM MM,"Philip Morris International",operating,false,PM.MX,0,true,0,4,true,true,20,true,PARTIAL,no-past-quarters
HINDUNILVR IN,"Hindustan Unilever",operating,false,HINDUNILVR.BO,4,true,4,3,true,true,2,true,PARTIAL,thin-price-history
EURO IJ,"PT Estee Gold Feet Tbk",operating,false,EURO.JK,0,true,0,0,true,true,22,true,PARTIAL,no-past-quarters
3382 JP,"Seven & i Holdings Co.",operating,false,3382.T,4,true,4,0,true,true,21,true,OK,
2802 JP,"Ajinomoto Co.",operating,false,2802.T,4,true,4,0,true,true,21,true,OK,
ANJT IJ,"PT Austindo Nusantara Jaya Tbk",operating,false,ANJT.JK,0,true,0,0,true,true,22,true,PARTIAL,no-past-quarters
TGKA IJ,"PT Tigaraksa Satria Tbk",operating,false,TGKA.JK,0,true,0,0,true,true,22,true,PARTIAL,no-past-quarters
WALM34 BZ,"Walmart",operating,false,WALM34.SA,0,true,0,4,true,true,20,true,PARTIAL,no-past-quarters
051900 KS,"LG H&H Co.",operating,false,051900.KS,4,true,4,4,true,true,21,true,OK,
TBS SJ,"Tiger Brands",operating,false,TBS.JO,0,true,0,0,true,true,20,true,PARTIAL,no-past-quarters
VICI IJ,"PT Victoria Care Indonesia Tbk",operating,false,VICI.JK,0,true,0,0,true,true,22,true,PARTIAL,no-past-quarters
TBLA IJ,"PT Tunas Baru Lampung Tbk",operating,false,TBLA.JK,0,true,0,1,true,true,22,true,PARTIAL,no-past-quarters
PSGO IJ,"PT Palma Serasih Tbk",operating,false,PSGO.JK,0,true,0,0,true,true,22,true,PARTIAL,no-past-quarters
ITC IN,"ITC",operating,false,ITC.BO,4,true,4,3,true,true,2,true,PARTIAL,thin-price-history
MORA IJ,"PT Mora Telematika Indonesia Tbk",operating,false,MORA.JK,0,true,0,0,true,true,22,true,PARTIAL,no-past-quarters
TLKM IJ,"Perusahaan Perseroan (Persero) PT Telekomunikasi Indonesia Tbk",operating,false,TLKM.JK,4,true,4,4,true,true,22,true,OK,
DNET IJ,"PT Indoritel Makmur Internasional Tbk.",operating,false,DNET.JK,0,true,0,0,true,true,22,true,PARTIAL,no-past-quarters
GOOG MM,"Alphabet",operating,false,GOOG.MX,0,true,0,4,true,true,20,true,PARTIAL,no-past-quarters
GOOGL MM,"Alphabet",operating,false,GOOGL.MX,0,true,0,4,true,true,21,true,PARTIAL,no-past-quarters
ISAT IJ,"PT Indosat Tbk",operating,false,ISAT.JK,4,true,4,3,true,true,22,true,OK,
META80 TB,"Meta Platforms",operating,false,META80.BK,0,true,0,4,true,true,21,true,PARTIAL,no-past-quarters
EXCL IJ,"PT XLSMART Telecom Sejahtera Tbk",operating,false,EXCL.JK,4,true,4,4,true,true,22,true,OK,
MTN SJ,"MTN Group",operating,false,MTN.JO,0,true,0,0,true,true,20,true,PARTIAL,no-past-quarters
MTEL IJ,"PT Dayamitra Telekomunikasi Tbk.",operating,false,MTEL.JK,0,true,0,4,true,true,22,true,PARTIAL,no-past-quarters
035420 KS,"NAVER",operating,false,035420.KS,4,true,4,4,true,true,21,true,OK,
TBIG IJ,"PT Tower Bersama Infrastructure Tbk",operating,false,TBIG.JK,0,true,0,4,true,true,22,true,PARTIAL,no-past-quarters
EMTK IJ,"PT Elang Mahkota Teknologi Tbk",operating,false,EMTK.JK,0,true,0,0,true,true,22,true,PARTIAL,no-past-quarters
9984 JP,"SoftBank Group",operating,false,9984.T,4,true,4,0,true,true,21,true,OK,
VOD SJ,"Vodacom Group",operating,false,VOD.JO,0,true,0,0,true,true,20,true,PARTIAL,no-past-quarters
META MM,"Meta Platforms",operating,false,META.MX,0,true,0,4,true,true,21,true,PARTIAL,no-past-quarters
MSIN IJ,"PT MNC Digital Entertainment Tbk",operating,false,MSIN.JK,1,true,1,2,true,true,22,true,OK,
017670 KS,"SK Telecom Co.",operating,false,017670.KS,4,true,4,4,true,true,21,true,OK,
GOGL34 BZ,"Alphabet",operating,false,GOGL34.SA,0,true,0,4,true,true,20,true,PARTIAL,no-past-quarters
GOGL35 BZ,"Alphabet",operating,false,GOGL35.SA,0,true,0,4,true,true,20,true,PARTIAL,no-past-quarters
6098 JP,"Recruit Holdings Co.",operating,false,6098.T,4,true,4,0,true,true,21,true,OK,
035720 KS,"Kakao",operating,false,035720.KS,4,true,4,4,true,true,21,true,OK,
030200 KS,"KT",operating,false,030200.KS,4,true,4,4,true,true,21,true,OK,
SCMA IJ,"PT Surya Citra Media Tbk",operating,false,SCMA.JK,0,true,0,4,true,true,22,true,PARTIAL,no-past-quarters
9432 JP,"NTT",operating,false,9432.T,4,true,4,0,true,true,21,true,OK,
BHARTIARTL IN,"Bharti Airtel",operating,false,BHARTIARTL.NS,4,true,4,3,true,true,22,true,OK,
FILM IJ,"PT.MD Entertainment Tbk",operating,false,FILM.JK,0,true,0,0,true,true,22,true,PARTIAL,no-past-quarters
9433 JP,"KDDI",operating,false,9433.T,4,true,4,0,true,true,21,true,OK,
259960 KS,"KRAFTON",operating,false,259960.KS,4,true,4,4,true,true,21,true,OK,
9434 JP,"SoftBank",operating,false,9434.T,4,true,4,0,true,true,21,true,OK,
352820 KS,"HYBE Co.",operating,false,352820.KS,4,true,4,4,true,true,21,true,OK,
TCEHYN MM,"Tencent Holdings",operating,false,TCEHYN.MX,0,true,0,1,true,true,20,true,PARTIAL,no-past-quarters
7974 JP,"Nintendo Co.",operating,false,7974.T,4,true,4,0,true,true,21,true,OK,
M1TA34 BZ,"Meta Platforms",operating,false,M1TA34.SA,0,true,0,4,true,true,20,true,PARTIAL,no-past-quarters
CNMA IJ,"PT Nusantara Sejahtera Raya Tbk",operating,false,CNMA.JK,1,true,1,3,true,true,22,true,OK,
032640 KS,"LG Uplus",operating,false,032640.KS,4,true,4,4,true,true,21,true,OK,
GOOG CN,"Alphabet",operating,false,GOOG.TO,0,true,0,4,true,true,19,true,PARTIAL,no-past-quarters
NFLX MM,"Netflix",operating,false,NFLX.MX,0,true,0,4,true,true,21,true,PARTIAL,no-past-quarters
INET IJ,"PT Sinergi Inti Andalan Prima Tbk",operating,false,INET.JK,0,true,0,0,true,true,22,true,PARTIAL,no-past-quarters
MDIA IJ,"PT Intermedia Capital Tbk",operating,false,MDIA.JK,0,true,0,0,true,true,22,true,PARTIAL,no-past-quarters
BALI IJ,"PT Bali Towerindo Sentra Tbk",operating,false,BALI.JK,0,true,0,0,true,true,22,true,PARTIAL,no-past-quarters
036570 KS,"NC",operating,false,036570.KS,4,true,4,4,true,true,21,true,OK,
0700 HK,"Tencent Holdings",operating,false,0700.HK,4,true,4,1,true,true,21,true,OK,
GOOGL US,"Alphabet",operating,false,GOOGL,4,true,4,4,true,true,20,true,OK,
NFLX CN,"Netflix",operating,false,NFLX.NE,0,true,0,4,true,true,1,true,PARTIAL,no-past-quarters|thin-price-history
GOOG US,"Alphabet",operating,false,GOOG,4,true,4,4,true,true,20,true,OK,
LINK IJ,"PT Link Net Tbk",operating,false,LINK.JK,0,true,0,4,true,true,22,true,PARTIAL,no-past-quarters
0RIH LN,"Alphabet",operating,false,0RIH.L,0,true,0,4,true,true,21,true,PARTIAL,no-past-quarters
0HD6 LN,"Alphabet",operating,false,0HD6.L,0,true,0,4,true,true,21,true,PARTIAL,no-past-quarters
GOOA AV,"Alphabet",operating,false,GOOA.VI,0,true,0,4,true,true,20,true,PARTIAL,no-past-quarters
ABEA GR,"Alphabet",operating,false,ABEA.F,0,true,0,4,true,true,21,true,PARTIAL,no-past-quarters
1GOOGL IM,"Alphabet",operating,false,1GOOGL.MI,0,true,0,4,true,true,20,true,PARTIAL,no-past-quarters
GOOC AV,"Alphabet",operating,false,GOOC.VI,0,true,0,4,true,true,20,true,PARTIAL,no-past-quarters
1GOOG IM,"Alphabet",operating,false,1GOOG.MI,0,true,0,4,true,true,20,true,PARTIAL,no-past-quarters
ABEC GR,"Alphabet",operating,false,ABEC.DE,0,true,0,4,true,true,20,true,PARTIAL,no-past-quarters
VZ MM,"Verizon Communications",operating,false,VZ.MX,0,true,0,3,true,true,20,true,PARTIAL,no-past-quarters
TMUS MM,"T-Mobile US",operating,false,TMUS.MX,0,true,0,4,true,true,20,true,PARTIAL,no-past-quarters
ABE0 GR,"Alphabet",operating,false,ABE0.F,0,true,0,4,true,true,20,true,PARTIAL,no-past-quarters
GOOGL SW,"Alphabet",operating,false,GOOGL.SW,0,true,0,4,true,true,20,true,PARTIAL,no-past-quarters
251270 KS,"Netmarble",operating,false,251270.KS,4,true,4,4,true,true,21,true,OK,
DTE CP,"Deutsche Telekom",operating,false,DTE.PR,0,true,0,4,true,true,19,true,PARTIAL,no-past-quarters
T MM,"AT&T",operating,false,T.MX,0,true,0,4,true,true,20,true,PARTIAL,no-past-quarters
DIS MM,"The Walt Disney",operating,false,DIS.MX,0,true,0,4,true,true,20,true,PARTIAL,no-past-quarters
VOD LN,"Vodafone Group Public Limited",operating,false,VOD.L,0,true,0,0,true,true,20,true,PARTIAL,no-past-quarters
MNCN IJ,"PT. Media Nusantara Citra Tbk",operating,false,MNCN.JK,0,true,0,4,true,true,22,true,PARTIAL,no-past-quarters
DATA IJ,"Remala Abadi Tbk.",operating,false,DATA.JK,0,true,0,0,true,true,22,true,PARTIAL,no-past-quarters
BREN IJ,"PT Barito Renewables Energy Tbk",operating,false,BREN.JK,0,true,0,0,true,true,22,true,PARTIAL,no-past-quarters
CDIA IJ,"Chandra Daya Investasi Tbk.",operating,false,CDIA.JK,0,true,0,0,true,true,22,true,PARTIAL,no-past-quarters
PGEO IJ,"PT Pertamina Geothermal Energy Tbk",operating,false,PGEO.JK,3,true,3,3,true,true,22,true,OK,
PGAS IJ,"PT Perusahaan Gas Negara (Persero) Tbk",operating,false,PGAS.JK,3,true,3,3,true,true,22,true,OK,
015760 KS,"Korea Electric Power",operating,false,015760.KS,4,true,4,4,true,true,21,true,OK,
EON HB,"E.ON SE",operating,false,EON.BD,0,true,0,4,true,true,20,true,PARTIAL,no-past-quarters
RAJA IJ,"PT Rukun Raharja Tbk",operating,false,RAJA.JK,0,true,0,0,true,true,22,true,PARTIAL,no-past-quarters
ARKO IJ,"PT Arkora Hydro Tbk",operating,false,ARKO.JK,0,true,0,0,true,true,22,true,PARTIAL,no-past-quarters
POWR IJ,"PT Cikarang Listrindo Tbk",operating,false,POWR.JK,0,true,0,1,true,true,22,true,PARTIAL,no-past-quarters
NG LN,"National Grid",operating,false,NG.L,0,true,0,0,true,true,20,true,PARTIAL,no-past-quarters
ADANIPOWER IN,"Adani Power",operating,false,ADANIPOWER.NS,4,true,4,3,true,true,22,true,OK,
ENLT IT,"Enlight Renewable Energy",operating,false,ENLT.TA,0,true,0,4,true,true,19,true,PARTIAL,no-past-quarters
NTPC IN,"NTPC",operating,false,NTPC.NS,4,true,4,3,true,true,22,true,OK,
NEE MM,"NextEra Energy",operating,false,NEE.MX,0,true,0,4,true,true,20,true,PARTIAL,no-past-quarters
KEEN IJ,"PT Kencana Energi Lestari Tbk",operating,false,KEEN.JK,0,true,0,0,true,true,22,true,PARTIAL,no-past-quarters
OPCE IT,"OPC Energy",operating,false,OPCE.TA,0,true,0,0,true,true,19,true,PARTIAL,no-past-quarters
036460 KS,"Korea Gas",operating,false,036460.KS,0,true,0,4,true,true,21,true,PARTIAL,no-past-quarters
SSE LN,"SSE",operating,false,SSE.L,0,true,0,0,true,true,20,true,PARTIAL,no-past-quarters
9503 JP,"The Kansai Electric Power Company, Incorporated",operating,false,9503.T,4,true,4,0,true,true,21,true,OK,
POWERGRID IN,"Power Grid Corporation of India",operating,false,POWERGRID.BO,4,true,4,3,true,true,21,true,OK,
ADANIGREEN IN,"Adani Green Energy",operating,false,ADANIGREEN.BO,4,true,4,3,true,true,21,true,OK,
9502 JP,"Chubu Electric Power Company, Incorporated",operating,false,9502.T,4,true,4,0,true,true,21,true,OK,
9532 JP,"Osaka Gas Co.",operating,false,9532.T,4,true,4,0,true,true,21,true,OK,
9531 JP,"Tokyo Gas Co.,Ltd.",operating,false,9531.T,4,true,4,0,true,true,21,true,OK,
OASA IJ,"PT Maharaksa Biru Energi Tbk",operating,false,OASA.JK,0,true,0,0,true,true,22,true,PARTIAL,no-past-quarters
ADANIENSOL IN,"Adani Energy Solutions",operating,false,ADANIENSOL.NS,4,true,4,3,true,true,21,true,OK,
475150 KS,"SK eternix Co.",operating,false,475150.KS,0,true,0,0,true,true,21,true,PARTIAL,no-past-quarters
ORA IT,"Ormat Technologies",operating,false,ORA.TA,0,true,0,4,true,true,19,true,PARTIAL,no-past-quarters
FUTR IJ,"PT Futura Energi Global Tbk",operating,false,FUTR.JK,0,true,0,0,true,true,22,true,PARTIAL,no-past-quarters
SO MM,"The Southern",operating,false,SO.MX,0,true,0,4,true,true,20,true,PARTIAL,no-past-quarters
CEG MM,"Constellation Energy",operating,false,CEG.MX,0,true,0,4,true,true,20,true,PARTIAL,no-past-quarters
DORL IT,"Doral Group Renewable Energy Resources",operating,false,DORL.TA,0,true,0,0,true,true,19,true,PARTIAL,no-past-quarters
CKI LN,"CK INFRASTRUCTURE HOLDINGS LIMI",operating,false,CKI.L,0,true,0,0,true,true,20,true,PARTIAL,no-past-quarters
ENRG IT,"Energix - Renewable Energies",operating,false,ENRG.TA,0,true,0,0,true,true,19,true,PARTIAL,no-past-quarters
ENGIN MM,"ENGIE",operating,false,ENGIN.MX,0,true,0,0,true,true,17,true,PARTIAL,no-past-quarters
EOAN CP,"E.ON SE",operating,false,EOAN.PR,0,true,0,4,true,true,19,true,PARTIAL,no-past-quarters
AEP MM,"American Electric Power Company",operating,false,AEP.MX,0,true,0,4,true,true,20,true,PARTIAL,no-past-quarters
TATAPOWER IN,"The Tata Power Company",operating,false,TATAPOWER.NS,4,true,4,3,true,true,22,true,OK,
ENRIN IN,"Siemens Energy India",operating,false,ENRIN.NS,3,true,3,4,true,true,21,true,OK,
GAIL IN,"GAIL (India)",operating,false,GAIL.NS,4,true,4,3,true,true,21,true,OK,
KEN IT,"Kenon Holdings",operating,false,KEN.TA,0,true,0,0,true,true,19,true,PARTIAL,no-past-quarters
RWE CP,"RWE Aktiengesellschaft",operating,false,RWE.PR,0,true,0,4,true,true,19,true,PARTIAL,no-past-quarters
UU LN,"United Utilities Group",operating,false,UU.L,0,true,0,0,true,true,20,true,PARTIAL,no-past-quarters
JSWENERGY IN,"JSW Energy",operating,false,JSWENERGY.NS,4,true,4,3,true,true,21,true,OK,
GULF-R TB,"Gulf Development Public Company",operating,false,GULF-R.BK,0,true,0,4,true,true,21,true,PARTIAL,no-past-quarters
GULF TB,"Gulf Development Public Company",operating,false,GULF.BK,4,true,4,4,true,true,21,true,OK,
VST MM,"Vistra",operating,false,VST.MX,0,true,0,4,true,true,20,true,PARTIAL,no-past-quarters
NEXT34 BZ,"NextEra Energy",operating,false,NEXT34.SA,0,true,0,4,true,true,20,true,PARTIAL,no-past-quarters
SVT LN,"Severn Trent",operating,false,SVT.L,0,true,0,0,true,true,20,true,PARTIAL,no-past-quarters
1773 JP,"YTL Corporation Berhad",operating,false,1773.T,0,true,0,1,true,true,21,true,PARTIAL,no-past-quarters
9508 JP,"Kyushu Electric Power Company, Incorporated",operating,false,9508.T,2,true,2,0,true,true,21,true,OK,
DCII IJ,"PT DCI Indonesia Tbk",operating,false,DCII.JK,0,true,0,0,true,true,22,true,PARTIAL,no-past-quarters
MPRO IJ,"PT Maha Properti Indonesia Tbk",operating,false,MPRO.JK,0,true,0,0,true,true,22,true,PARTIAL,no-past-quarters
PANI IJ,"PT Pantai Indah Kapuk Dua Tbk",operating,false,PANI.JK,0,true,0,0,true,true,22,true,PARTIAL,no-past-quarters
TOWR IJ,"PT Sarana Menara Nusantara Tbk.",operating,false,TOWR.JK,1,true,1,4,true,true,22,true,OK,
MKPI IJ,"PT Metropolitan Kentjana Tbk",operating,false,MKPI.JK,0,true,0,0,true,true,22,true,PARTIAL,no-past-quarters
CBDK IJ,"Bangun Kosambi Sukses Tbk.",operating,false,CBDK.JK,0,true,0,0,true,true,22,true,PARTIAL,no-past-quarters
RISE IJ,"PT Jaya Sukses Makmur Sentosa Tbk",operating,false,RISE.JK,0,true,0,0,true,true,22,true,PARTIAL,no-past-quarters
JRPT IJ,"PT Jaya Real Property, Tbk.",operating,false,JRPT.JK,0,true,0,0,true,true,22,true,PARTIAL,no-past-quarters
PWON IJ,"PT Pakuwon Jati Tbk",operating,false,PWON.JK,4,true,4,3,true,true,22,true,OK,
BSDE IJ,"PT Bumi Serpong Damai Tbk",operating,false,BSDE.JK,3,true,3,3,true,true,22,true,OK,
BKSL IJ,"PT Sentul City Tbk",operating,false,BKSL.JK,0,true,0,0,true,true,22,true,PARTIAL,no-past-quarters
CTRA IJ,"PT Ciputra Development Tbk",operating,false,CTRA.JK,4,true,4,3,true,true,22,true,OK,
NRP SJ,"NEPI Rockcastle",operating,false,NRP.JO,0,true,0,0,true,true,20,true,PARTIAL,no-past-quarters
KPIG IJ,"PT MNC Tourism Indonesia Tbk",operating,false,KPIG.JK,0,true,0,0,true,true,22,true,PARTIAL,no-past-quarters
DUTI IJ,"PT Duta Pertiwi Tbk",operating,false,DUTI.JK,0,true,0,0,true,true,22,true,PARTIAL,no-past-quarters
INPP IJ,"PT Indonesian Paradise Property Tbk",operating,false,INPP.JK,0,true,0,0,true,true,22,true,PARTIAL,no-past-quarters
DMAS IJ,"PT Puradelta Lestari Tbk",operating,false,DMAS.JK,0,true,0,0,true,true,22,true,PARTIAL,no-past-quarters
SHC SJ,"Shaftesbury Capital",operating,false,SHC.JO,0,true,0,0,true,true,20,true,PARTIAL,no-past-quarters
GRT SJ,"Growthpoint Properties",operating,false,GRT.JO,0,true,0,0,true,true,20,true,PARTIAL,no-past-quarters
PHP SJ,"Primary Health Prop",operating,false,PHP.JO,0,true,0,0,true,true,20,true,PARTIAL,no-past-quarters
AZRG IT,"Azrieli Group",operating,false,AZRG.TA,4,true,4,4,true,true,19,true,OK,
SMRA IJ,"PT Summarecon Agung Tbk",operating,false,SMRA.JK,0,true,0,4,true,true,22,true,PARTIAL,no-past-quarters
8802 JP,"Mitsubishi Estate Co.",operating,false,8802.T,4,true,4,0,true,true,21,true,OK,
RDF SJ,"Redefine Properties",operating,false,RDF.JO,0,true,0,0,true,true,20,true,PARTIAL,no-past-quarters
HMN SJ,"Hammerson",operating,false,HMN.JO,0,true,0,0,true,true,20,true,PARTIAL,no-past-quarters
8801 JP,"Mitsui Fudosan Co.",operating,false,8801.T,4,true,4,0,true,true,21,true,OK,
FTA SJ,"Fairvest",operating,false,FTA.JO,0,true,0,0,true,true,20,true,PARTIAL,no-past-quarters
MTLA IJ,"PT Metropolitan Land Tbk",operating,false,MTLA.JK,0,true,0,0,true,true,22,true,PARTIAL,no-past-quarters
RDTX IJ,"PT Roda Vivatex Tbk",operating,false,RDTX.JK,0,true,0,0,true,true,22,true,PARTIAL,no-past-quarters
VKE SJ,"Vukile Property Fund",operating,false,VKE.JO,0,true,0,0,true,true,20,true,PARTIAL,no-past-quarters
SRE SJ,"Sirius Real Estate",operating,false,SRE.JO,0,true,0,0,true,true,20,true,PARTIAL,no-past-quarters
8830 JP,"Sumitomo Realty & Development Co.",operating,false,8830.T,4,true,4,0,true,true,21,true,OK,
NIRO IJ,"PT City Retail Developments Tbk",operating,false,NIRO.JK,0,true,0,0,true,true,22,true,PARTIAL,no-past-quarters
JSPT IJ,"PT Jakarta Setiabudi Internasional Tbk",operating,false,JSPT.JK,0,true,0,0,true,true,22,true,PARTIAL,no-past-quarters
FFB SJ,"Fortress Real Estate Investments",operating,false,FFB.JO,0,true,0,0,true,true,20,true,PARTIAL,no-past-quarters
WELL MM,"Welltower",operating,false,WELL.MX,0,true,0,3,true,true,20,true,PARTIAL,no-past-quarters
OMRE IJ,"PT Indonesia Prima Property Tbk",operating,false,OMRE.JK,0,true,0,0,true,true,22,true,PARTIAL,no-past-quarters
1925 JP,"Daiwa House Industry Co.",operating,false,1925.T,4,true,4,0,true,true,21,true,OK,
APLN IJ,"PT Agung Podomoro Land Tbk",operating,false,APLN.JK,0,true,0,0,true,true,22,true,PARTIAL,no-past-quarters
SMDM IJ,"PT Suryamas Dutamakmur Tbk",operating,false,SMDM.JK,0,true,0,0,true,true,22,true,PARTIAL,no-past-quarters
RES SJ,"Resilient REIT",operating,false,RES.JO,0,true,0,0,true,true,20,true,PARTIAL,no-past-quarters
KIJA IJ,"PT Kawasan Industri Jababeka Tbk",operating,false,KIJA.JK,0,true,0,0,true,true,22,true,PARTIAL,no-past-quarters
LPCK IJ,"PT Lippo Cikarang Tbk",operating,false,LPCK.JK,0,true,0,0,true,true,22,true,PARTIAL,no-past-quarters
ROCK IJ,"PT Rockfields Properti Indonesia Tbk.",operating,false,ROCK.JK,0,true,0,0,true,true,22,true,PARTIAL,no-past-quarters
PLD MM,"Prologis",operating,false,PLD.MX,0,true,0,3,true,true,20,true,PARTIAL,no-past-quarters
HYP SJ,"Hyprop Investments",operating,false,HYP.JO,0,true,0,0,true,true,20,true,PARTIAL,no-past-quarters
ASRI IJ,"PT Alam Sutera Realty Tbk",operating,false,ASRI.JK,0,true,0,2,true,true,22,true,PARTIAL,no-past-quarters
MMLP IJ,"PT Mega Manunggal Property Tbk",operating,false,MMLP.JK,0,true,0,0,true,true,22,true,PARTIAL,no-past-quarters
MLSR IT,"Melisron",operating,false,MLSR.TA,1,true,1,1,true,true,19,true,OK,
MGOR IT,"Mega Or Holdings",operating,false,MGOR.TA,0,true,0,0,true,true,19,true,PARTIAL,no-past-quarters
BIG IT,"BIG Shopping Centers",operating,false,BIG.TA,0,true,0,0,true,true,19,true,PARTIAL,no-past-quarters
LTE SJ,"Lighthouse Properties p.l.c.",operating,false,LTE.JO,0,true,0,0,true,false,20,true,PARTIAL,no-past-quarters
395400 KS,"SK Reits Co.",operating,false,395400.KS,1,true,1,0,false,false,21,true,PARTIAL,no-fundamentals
DLF IN,"DLF",operating,false,DLF.NS,4,true,4,3,true,true,21,true,OK,
FMII IJ,"PT Fortune Mate Indonesia Tbk",operating,false,FMII.JK,0,true,0,0,true,true,22,true,PARTIAL,no-past-quarters
FTB SJ,"Fairvest",operating,false,FTB.JO,0,true,0,0,true,true,20,true,PARTIAL,no-past-quarters
ELTY IJ,"PT Bakrieland Development Tbk",operating,false,ELTY.JK,4,true,4,0,true,true,22,true,OK,
EQU SJ,"Equites Property Fund",operating,false,EQU.JO,0,true,0,0,true,true,20,true,PARTIAL,no-past-quarters
TRIN IJ,"PT Perintis Triniti Properti Tbk",operating,false,TRIN.JK,0,true,0,0,true,true,22,true,PARTIAL,no-past-quarters
MSP SJ,"MAS P.L.C.",operating,false,MSP.JO,0,true,0,0,true,true,20,true,PARTIAL,no-past-quarters
POLI IJ,"PT Pollux Hotels Group Tbk",operating,false,POLI.JK,0,true,0,0,true,true,22,true,PARTIAL,no-past-quarters
3003 JP,"Hulic Co.",operating,false,3003.T,4,true,4,0,true,true,21,true,OK,
AMT MM,"American Tower",operating,false,AMT.MX,0,true,0,4,true,true,20,true,PARTIAL,no-past-quarters
SGRO LN,"SEGRO",operating,false,SGRO.L,0,true,0,0,true,true,20,true,PARTIAL,no-past-quarters
BSBK IJ,"PT Wulandari Bangun Laksana Tbk",operating,false,BSBK.JK,0,true,0,0,true,true,22,true,PARTIAL,no-past-quarters
KOTA IJ,"PT DMS Propertindo Tbk",operating,false,KOTA.JK,0,true,0,0,true,true,22,true,PARTIAL,no-past-quarters
200470 KS,"APACT Co.",operating,false,200470.KQ,0,true,0,3,true,true,21,true,PARTIAL,no-past-quarters
094480 KS,"Galaxia Moneytree Co.",operating,false,094480.KQ,0,true,0,0,false,false,21,true,PARTIAL,no-past-quarters|no-fundamentals
456010 KS,"ICTK Co.",operating,false,456010.KQ,0,true,0,0,true,true,21,true,PARTIAL,no-past-quarters
1ANET IM,"Arista Networks",operating,false,1ANET.MI,0,true,0,4,true,true,20,true,PARTIAL,no-past-quarters
190510 KS,"Namuga Co.",operating,false,190510.KQ,0,true,0,4,false,false,21,true,PARTIAL,no-past-quarters|no-fundamentals
FIG1 MM,"Figma",operating,false,FIG1.MX,0,true,0,4,true,true,20,true,PARTIAL,no-past-quarters
CAMS IN,"Computer Age Management Services",operating,false,CAMS.BO,4,true,4,3,true,true,21,true,OK,
3702 TT,"WPG Holdings",operating,false,3702.TW,4,true,4,3,true,true,22,true,OK,
1170 GR,"Arista Networks",operating,false,1170.F,0,true,0,4,true,true,21,true,PARTIAL,no-past-quarters
300433 C1,"Lens Technology Co.",operating,false,300433.SZ,4,true,4,3,true,true,22,true,OK,
300604 C1,"Hangzhou Changchuan Technology Co.,Ltd",operating,false,300604.SZ,4,true,4,4,true,true,22,true,OK,
475400 KS,"CMES Robotics",operating,false,475400.KQ,0,true,0,0,true,true,21,true,PARTIAL,no-past-quarters
STX US,"Seagate Technology Holdings",operating,false,STX,4,true,4,4,true,true,20,true,OK,
001399 C1,"HKC",operating,false,001399.SZ,0,true,0,0,true,true,22,true,PARTIAL,no-past-quarters
URBANCO IN,"Urban Company",operating,false,URBANCO.BO,3,true,3,2,true,true,21,true,OK,
9746 JP,"TKC",operating,false,9746.T,2,true,2,0,true,true,21,true,OK,
SAPGF US,"SAP SE",operating,false,SAPGF,0,true,0,4,true,true,19,true,PARTIAL,no-past-quarters
3445 JP,"RS Technologies Co.",operating,false,3445.T,2,true,2,0,true,true,21,true,OK,
UBER CN,"Uber Technologies",operating,false,UBER.NE,0,true,0,4,false,false,1,true,EMPTY,no-past-quarters|thin-price-history|no-fundamentals
SAP US,"SAP SE",operating,false,SAP,4,true,4,4,true,true,20,true,OK,
APH US,"Amphenol",operating,false,APH,4,true,4,4,true,true,20,true,OK,
058970 KS,"EMRO. Incorporated",operating,false,058970.KQ,2,true,2,4,true,true,21,true,OK,
CRWD US,"CrowdStrike Holdings",operating,false,CRWD,4,true,4,4,true,true,20,true,OK,
301510 C1,"Googol Technology Co.",operating,false,301510.SZ,0,true,0,0,true,true,22,true,PARTIAL,no-past-quarters
UTRN IT,"Utron",operating,false,UTRN.TA,0,true,0,0,true,true,19,true,PARTIAL,no-past-quarters
SDI LN,"SDI Group",operating,false,SDI.L,0,true,0,0,true,true,20,true,PARTIAL,no-past-quarters
000727 C1,"TPV Technology Co.",operating,false,000727.SZ,0,true,0,1,true,true,22,true,PARTIAL,no-past-quarters
0YB0 GR,"IonQ",operating,false,0YB0.MU,0,true,0,4,true,true,2,true,PARTIAL,no-past-quarters|thin-price-history
SAYN GR,"Sanmina",operating,false,SAYN.F,0,true,0,3,true,true,21,true,PARTIAL,no-past-quarters
4811 JP,"DREAMARTS",operating,false,4811.T,2,true,2,0,true,true,21,true,OK,
6230 TT,"Nidec Chaun-Choung Technology",operating,false,6230.TW,4,true,4,4,true,true,22,true,OK,
300377 C1,"Shenzhen Ysstech Info-Tech Co.,Ltd",operating,false,300377.SZ,0,true,0,0,true,true,22,true,PARTIAL,no-past-quarters
TRCS LN,"Tracsis",operating,false,TRCS.L,0,true,0,0,true,true,20,true,PARTIAL,no-past-quarters
3856 JP,"Abalance",operating,false,3856.T,2,true,2,3,true,true,21,true,OK,
SGGEF US,"The Sage Group",operating,false,SGGEF,0,true,0,0,true,true,19,true,PARTIAL,no-past-quarters
IDR SM,"Indra Sistemas, S.A.",operating,false,IDR.MC,4,true,4,3,true,true,20,true,OK,
600360 CH,"Jilin Sino-Microelectronics Co.",operating,false,600360.SS,0,true,0,0,true,true,22,true,PARTIAL,no-past-quarters
IDA GR,"Indra Sistemas, S.A.",operating,false,IDA.F,0,true,0,3,true,true,21,true,PARTIAL,no-past-quarters
600718 CH,"Neusoft",operating,false,600718.SS,0,true,0,3,true,true,22,true,PARTIAL,no-past-quarters
688020 CH,"Guangzhou Fangbang Electronics Co.,Ltd",operating,false,688020.SS,0,true,0,4,true,true,22,true,PARTIAL,no-past-quarters
VSAT US,"Viasat",operating,false,VSAT,4,true,4,4,true,true,19,true,OK,
VIAV US,"Viavi Solutions",operating,false,VIAV,4,true,4,4,true,true,20,true,OK,
1S2 GR,"Figma",operating,false,1S2.F,0,true,0,4,true,true,20,true,PARTIAL,no-past-quarters
SIVE SS,"Sivers Semiconductors AB (publ)",operating,false,SIVE.ST,4,true,4,3,true,true,20,true,OK,
IDR AV,"Indra Sistemas, S.A.",operating,false,IDR.VI,0,true,0,3,true,true,20,true,PARTIAL,no-past-quarters
1FIG IM,"FIGMA INC-CL A",operating,false,1FIG.MI,0,true,0,4,true,true,20,true,PARTIAL,no-past-quarters
1S IM,"SMA SOLAR TECHNOLOGY",operating,false,1S.MI,0,true,0,4,true,true,20,true,PARTIAL,no-past-quarters
4814 JP,"Nextware",operating,false,4814.T,2,true,2,0,true,true,21,true,OK,
S86 GR,"SPS Commerce",operating,false,S86.SG,0,true,0,4,true,true,21,true,PARTIAL,no-past-quarters
S92 GR,"SMA Solar Technology",operating,false,S92.DE,4,true,4,4,true,true,20,true,OK,
CXA GR,"Calix",operating,false,CXA.F,0,true,0,4,true,true,21,true,PARTIAL,no-past-quarters
2121 HK,"AInnovation Technology Group Co.",operating,false,2121.HK,0,true,0,0,true,true,21,true,PARTIAL,no-past-quarters
OBASE TI,"Obase Bilgisayar ve Danismanlik Hizmetleri Ticaret A.S.",operating,false,OBASE.IS,0,true,0,0,true,true,19,true,PARTIAL,no-past-quarters
JELLF US,"JEOL",operating,false,JELLF,0,true,0,0,true,true,19,true,PARTIAL,no-past-quarters
S92 AV,"SMA Solar Technology",operating,false,S92.VI,0,true,0,4,true,true,20,true,PARTIAL,no-past-quarters
ATAZF US,"Atea ASA",operating,false,ATAZF,0,true,0,3,true,true,19,true,PARTIAL,no-past-quarters
1SPSC IM,"SPS COMMERCE",operating,false,1SPSC.MI,0,true,0,4,true,true,20,true,PARTIAL,no-past-quarters
W2EX34 BZ,"WEX",operating,false,W2EX34.SA,0,true,0,3,true,true,20,true,PARTIAL,no-past-quarters
688272 CH,"Beijing Fjr Optoelectronic Technology Co.",operating,false,688272.SS,0,true,0,0,true,true,22,true,PARTIAL,no-past-quarters
198A JP,"POSTPRIME",operating,false,198A.T,2,true,2,0,true,true,21,true,OK,
3913 JP,"GreenBee",operating,false,3913.T,2,true,2,0,true,true,21,true,OK,
7U70 GR,"OVH Groupe S.A.",operating,false,7U70.F,0,true,0,0,true,true,20,true,PARTIAL,no-past-quarters
VERT-B SS,"Vertiseit AB (publ)",operating,false,VERT-B.ST,4,true,4,3,true,true,20,true,OK,
DRCSYSTEMS IN,"DRC Systems India",operating,false,DRCSYSTEMS.BO,0,true,0,0,true,true,21,true,PARTIAL,no-past-quarters
3559 JP,"p-ban.com",operating,false,3559.T,2,true,2,0,true,true,21,true,OK,
FLYW US,"Flywire",operating,false,FLYW,4,true,4,4,true,true,19,true,OK,
0117 HK,"Tianli Holdings Group",operating,false,0117.HK,0,true,0,0,true,true,21,true,PARTIAL,no-past-quarters
002253 C1,"Wisesoft Co.",operating,false,002253.SZ,0,true,0,0,true,true,22,true,PARTIAL,no-past-quarters
INFQ US,"Infleqtion",operating,false,INFQ,0,true,0,0,true,true,20,true,PARTIAL,no-past-quarters
ATUL IN,"Atul",operating,false,ATUL.NS,4,true,4,3,true,true,22,true,OK,
TKO LN,"Trekor Metals",operating,false,TKO.L,0,true,0,4,true,true,20,true,PARTIAL,no-past-quarters
5451 JP,"Yodoko",operating,false,5451.T,2,true,2,0,true,true,21,true,OK,
0001A0 KS,"Deokyang Energen",operating,false,0001A0.KQ,0,true,0,0,true,true,21,true,PARTIAL,no-past-quarters
AETHER IN,"Aether Industries",operating,false,AETHER.NS,4,true,4,4,true,true,22,true,OK,
134380 KS,"Miwon Chemicals Co.",operating,false,134380.KS,0,true,0,0,true,true,21,true,PARTIAL,no-past-quarters
004980 KS,"Sungshin Cement Co.",operating,false,004980.KS,1,true,1,0,true,true,21,true,OK,
357550 KS,"Sukgyung AT Co.",operating,false,357550.KQ,0,true,0,0,true,true,21,true,PARTIAL,no-past-quarters
PAF LN,"Pan African Resources",operating,false,PAF.L,0,true,0,0,true,true,20,true,PARTIAL,no-past-quarters
000480 KS,"CR Holdings Co.",operating,false,000480.KS,0,true,0,0,true,true,21,true,PARTIAL,no-past-quarters
1101B TT,"TCC Group Holdings Co.",operating,false,1101B.TW,0,true,0,4,true,true,22,true,PARTIAL,no-past-quarters
NPGF IJ,"PT Nusa Palapa Gemilang Tbk",operating,false,NPGF.JK,0,true,0,0,true,true,22,true,PARTIAL,no-past-quarters
4045 JP,"Toagosei Co.",operating,false,4045.T,2,true,2,0,true,true,21,true,OK,
BAYERCROP IN,"Bayer CropScience",operating,false,BAYERCROP.NS,4,true,4,4,true,true,21,true,OK,
011500 KS,"Hannong Chemicals",operating,false,011500.KS,0,true,0,0,true,true,21,true,PARTIAL,no-past-quarters
100250 KS,"Chinyang Holdings",operating,false,100250.KS,0,true,0,0,true,true,21,true,PARTIAL,no-past-quarters
HL MM,"HECLA MINING",operating,false,HL.MX,0,true,0,4,false,false,20,true,PARTIAL,no-past-quarters|no-fundamentals
NSIS-B DC,"Novozymes A/S",operating,false,NSIS-B.CO,4,true,4,3,true,true,20,true,OK,
4107 JP,"ISE Chemicals",operating,false,4107.T,2,true,2,0,true,true,21,true,OK,
BHP1 GR,"BHP Group",operating,false,BHP1.F,0,true,0,0,true,true,21,true,PARTIAL,no-past-quarters
601026 CH,"Techstorm Advanced Material Corporation",operating,false,601026.SS,0,true,0,0,true,true,22,true,PARTIAL,no-past-quarters
AQE GR,"Anhui Conch Cement Company",operating,false,AQE.F,0,true,0,3,true,true,21,true,PARTIAL,no-past-quarters
301665 C1,"CAC Nantong Chemical Co.",operating,false,301665.SZ,0,true,0,0,true,true,22,true,PARTIAL,no-past-quarters
002297 C1,"Hunan Boyun New Materials Co.,Ltd",operating,false,002297.SZ,0,true,0,0,true,true,22,true,PARTIAL,no-past-quarters
FAIRCHEMOR IN,"Fairchem Organics",operating,false,FAIRCHEMOR.BO,0,true,0,0,true,true,21,true,PARTIAL,no-past-quarters
6568 JP,"KNC Laboratories Co.",operating,false,6568.T,2,true,2,0,true,false,21,true,OK,
GEMAROMA IN,"GEM AROMATICS",operating,false,GEMAROMA.NS,0,true,0,0,true,true,21,true,PARTIAL,no-past-quarters
002588 C1,"Stanley Agriculture Group Co.,Ltd.",operating,false,002588.SZ,0,true,0,0,true,true,22,true,PARTIAL,no-past-quarters
603281 CH,"Hubei Jianghan New Materials Co.",operating,false,603281.SS,0,true,0,0,true,true,22,true,PARTIAL,no-past-quarters
600507 CH,"Fangda Special Steel Technology Co.",operating,false,600507.SS,0,true,0,0,true,true,22,true,PARTIAL,no-past-quarters
188H GR,"Shandong Gold Mining Co.",operating,false,188H.F,0,true,0,3,true,true,21,true,PARTIAL,no-past-quarters
1850 GR,"Alcoa",operating,false,1850.F,0,true,0,3,true,true,21,true,PARTIAL,no-past-quarters
MTLHY US,"Mitsubishi Chemical Group",operating,false,MTLHY,0,true,0,0,true,true,19,true,PARTIAL,no-past-quarters
2104 TT,"International CSRC Investment Holdings Co.",operating,false,2104.TW,4,true,4,4,true,true,22,true,OK,
000510 C1,"Sichuan Xinjinlu Group Co.",operating,false,000510.SZ,0,true,0,0,true,true,22,true,PARTIAL,no-past-quarters
IYAA GR,"Ivanhoe Mines",operating,false,IYAA.F,0,true,0,3,true,true,21,true,PARTIAL,no-past-quarters
2553 HK,"Beijing Shougang LanzaTech Technology Co.",operating,false,2553.HK,0,true,0,0,true,true,21,true,PARTIAL,no-past-quarters
BLSFF US,"BlueScope Steel",operating,false,BLSFF,0,true,0,0,true,true,19,true,PARTIAL,no-past-quarters
3983 HK,"China BlueChemical",operating,false,3983.HK,0,true,0,0,true,true,21,true,PARTIAL,no-past-quarters
301373 C1,"GuangZhou LingWe Technology Co.",operating,false,301373.SZ,0,true,0,0,true,true,22,true,PARTIAL,no-past-quarters
AKUP GR,"Akzo Nobel",operating,false,AKUP.F,0,true,0,2,true,true,21,true,PARTIAL,no-past-quarters
TTE US,"TotalEnergies SE",operating,false,TTE,3,true,3,4,true,true,19,true,OK,
601898 CH,"China Coal Energy Company",operating,false,601898.SS,0,true,0,0,true,true,22,true,PARTIAL,no-past-quarters
CASTROLIND IN,"Castrol India",operating,false,CASTROLIND.NS,4,true,4,3,true,true,21,true,OK,
GMDCLTD IN,"Gujarat Mineral Development Corporation",operating,false,GMDCLTD.BO,0,true,0,4,true,true,21,true,PARTIAL,no-past-quarters
E1CO34 BZ,"Ecopetrol S.A.",operating,false,E1CO34.SA,0,true,0,4,false,true,20,true,PARTIAL,no-past-quarters
ENB CN,"Enbridge",operating,false,ENB.TO,4,true,4,4,true,true,19,true,OK,
CHENNPETRO IN,"Chennai Petroleum Corporation",operating,false,CHENNPETRO.NS,0,true,0,4,true,true,22,true,PARTIAL,no-past-quarters
024060 KS,"Hung -Gu Oil",operating,false,024060.KQ,0,true,0,0,false,false,21,true,PARTIAL,no-past-quarters|no-fundamentals
TTE LN,"TotalEnergies SE",operating,false,TTE.L,0,true,0,4,true,true,20,true,PARTIAL,no-past-quarters
TTE FP,"TotalEnergies SE",operating,false,TTE.PA,4,true,4,4,true,true,20,true,OK,
TOTB GR,"TotalEnergies SE",operating,false,TOTB.DE,0,true,0,4,true,true,20,true,PARTIAL,no-past-quarters
FP AV,"TotalEnergies SE",operating,false,FP.VI,0,true,0,4,true,true,20,true,PARTIAL,no-past-quarters
FIRE IJ,"PT Alfa Energi Investama Tbk",operating,false,FIRE.JK,0,true,0,0,true,true,22,true,PARTIAL,no-past-quarters
RLI AV,"Reliance Industries",operating,false,RLI.VI,0,true,0,3,true,true,20,true,PARTIAL,no-past-quarters
ENB-PY CN,"Enbridge",operating,false,ENB-PY.TO,0,true,0,4,true,true,19,true,PARTIAL,no-past-quarters
RLI GR,"Reliance Industries",operating,false,RLI.F,0,true,0,3,true,true,21,true,PARTIAL,no-past-quarters
128820 KS,"Daesung Industrial Co.",operating,false,128820.KS,0,true,0,0,true,true,21,true,PARTIAL,no-past-quarters
RUIS IJ,"PT Radiant Utama Interinsco Tbk",operating,false,RUIS.JK,0,true,0,0,true,true,22,true,PARTIAL,no-past-quarters
T1EC34 BZ,"TechnipFMC",operating,false,T1EC34.SA,0,true,0,4,true,true,20,true,PARTIAL,no-past-quarters
J4V0 GR,"Vår Energi ASA",operating,false,J4V0.F,0,true,0,3,true,true,20,true,PARTIAL,no-past-quarters
IDKOY US,"Idemitsu Kosan Co.,Ltd.",operating,false,IDKOY,0,true,0,0,true,true,19,true,PARTIAL,no-past-quarters
LPHL IT,"Lapidoth-Heletz Limited Partnership",operating,false,LPHL.TA,0,true,0,0,false,true,20,true,PARTIAL,no-past-quarters
MOGB GR,"MOL Magyar Olaj- és Gázipari Nyilvánosan Muködo Részvénytársaság",operating,false,MOGB.F,0,true,0,4,false,true,21,true,PARTIAL,no-past-quarters
600123 CH,"Shanxi Lanhua Sci-Tech Venture Co.,Ltd",operating,false,600123.SS,0,true,0,0,true,true,22,true,PARTIAL,no-past-quarters
SAPMF US,"Saipem SpA",operating,false,SAPMF,0,true,0,0,true,true,19,true,PARTIAL,no-past-quarters
ACGYF US,"Subsea 7 S.A.",operating,false,ACGYF,0,true,0,4,true,true,19,true,PARTIAL,no-past-quarters
600759 CH,"Geo-Jade Petroleum",operating,false,600759.SS,0,true,0,0,true,true,22,true,PARTIAL,no-past-quarters
7486 JP,"Sanrin Co.",operating,false,7486.T,2,true,2,0,true,true,21,true,OK,
ALA-PG CN,"AltaGas",operating,false,ALA-PG.TO,0,true,0,3,true,true,19,true,PARTIAL,no-past-quarters
CSDXF US,"COSCO SHIPPING Energy Transportation Co.",operating,false,CSDXF,0,true,0,0,true,true,19,true,PARTIAL,no-past-quarters
BRAV3 BZ,"Brava Energia S.A.",operating,false,BRAV3.SA,4,true,4,3,true,true,20,true,OK,
603619 CH,"Zhongman Petroleum and Natural Gas Group Corp.,Ltd.",operating,false,603619.SS,0,true,0,0,true,true,22,true,PARTIAL,no-past-quarters
EDNR IM,"Edison S.p.A.",operating,false,EDNR.MI,0,true,0,0,true,true,20,true,PARTIAL,no-past-quarters
7A6 GR,"Antero Resources",operating,false,7A6.F,0,true,0,4,true,true,21,true,PARTIAL,no-past-quarters
EDXR GR,"Edison S.p.A.",operating,false,EDXR.F,0,true,0,0,true,true,21,true,PARTIAL,no-past-quarters
0934 HK,"Sinopec Kantons Holdings",operating,false,0934.HK,0,true,0,0,true,true,21,true,PARTIAL,no-past-quarters
MOGG GR,"MOL Magyar Olaj- és Gázipari Nyilvánosan Muködo Részvénytársaság",operating,false,MOGG.F,0,true,0,4,false,true,21,true,PARTIAL,no-past-quarters
YCP0 GR,"ConocoPhillips",operating,false,YCP0.F,0,true,0,4,true,true,20,true,PARTIAL,no-past-quarters
SAPMY US,"Saipem SpA",operating,false,SAPMY,0,true,0,0,true,true,19,true,PARTIAL,no-past-quarters
MER SS,"Meren Energy",operating,false,MER.ST,2,true,2,4,true,true,20,true,OK,
600971 CH,"Anhui Hengyuan Coal Industry and Electricity Power Co.,Ltd",operating,false,600971.SS,0,true,0,0,true,true,22,true,PARTIAL,no-past-quarters
PTRRY US,"Prio S.A.",operating,false,PTRRY,0,true,0,4,true,true,20,true,PARTIAL,no-past-quarters
IDKOF US,"Idemitsu Kosan Co.,Ltd.",operating,false,IDKOF,0,true,0,0,true,true,19,true,PARTIAL,no-past-quarters
0467 HK,"United Energy Group",operating,false,0467.HK,0,true,0,0,true,true,21,true,PARTIAL,no-past-quarters
BPT AU,"Beach Energy",operating,false,BPT.AX,1,true,1,0,true,true,22,true,OK,
CSGYY US,"Cosmo Energy Holdings Co.",operating,false,CSGYY,0,true,0,0,true,true,19,true,PARTIAL,no-past-quarters
FRHLF US,"Freehold Royalties",operating,false,FRHLF,0,true,0,4,true,true,19,true,PARTIAL,no-past-quarters
CIMEF US,"CIMC Enric Holdings",operating,false,CIMEF,0,true,0,0,true,true,19,true,PARTIAL,no-past-quarters
OILRF US,"Oil Refineries",operating,false,OILRF,0,true,0,0,true,true,19,true,PARTIAL,no-past-quarters
WKC US,"World Kinect",operating,false,WKC,4,true,4,4,true,true,19,true,OK,
PBATF US,"PT Bukit Asam (Persero) Tbk",operating,false,PBATF,0,true,0,3,false,true,19,true,PARTIAL,no-past-quarters
NGL US,"NGL Energy Partners LP",operating,false,NGL,4,true,4,4,true,true,19,true,OK,
BCHEY US,"Beach Energy",operating,false,BCHEY,0,true,0,0,true,true,19,true,PARTIAL,no-past-quarters
LPG US,"Dorian LPG",operating,false,LPG,4,true,4,4,true,true,20,true,OK,
4LT1 GR,"Northern Oil and Gas",operating,false,4LT1.F,0,true,0,4,true,true,21,true,PARTIAL,no-past-quarters
DVD NO,"Deep Value Driller AS",operating,false,DVD.OL,2,true,2,3,true,true,20,true,OK,
C6V GR,"Headwater Exploration",operating,false,C6V.F,0,true,0,3,true,true,21,true,PARTIAL,no-past-quarters
PTIZF US,"PT Indo Tambangraya Megah Tbk",operating,false,PTIZF,0,true,0,4,true,true,19,true,PARTIAL,no-past-quarters
YZCFF US,"Sinopec Oilfield Service",operating,false,YZCFF,0,true,0,3,true,true,19,true,PARTIAL,no-past-quarters
5141 MK,"Dayang Enterprise Holdings Bhd",operating,false,5141.KL,0,true,0,1,true,true,22,true,PARTIAL,no-past-quarters
1AKA GR,"Aker Solutions ASA",operating,false,1AKA.F,0,true,0,1,true,true,21,true,PARTIAL,no-past-quarters
INVX US,"Innovex International",operating,false,INVX,4,true,4,3,true,true,19,true,OK,
AAV CN,"Advantage Energy",operating,false,AAV.TO,4,true,4,3,true,true,19,true,OK,
NEXT US,"NextDecade",operating,false,NEXT,4,true,4,4,false,true,20,true,OK,
NORAM NO,"NorAm Drilling AS",operating,false,NORAM.OL,4,true,4,4,true,true,20,true,OK,
5255 MK,"Lianson Fleet Group Berhad",operating,false,5255.KL,0,true,0,1,true,true,22,true,PARTIAL,no-past-quarters
D5O GR,"LandBridge Company LLC",operating,false,D5O.F,0,true,0,4,true,true,21,true,PARTIAL,no-past-quarters
BVENY US,"",operating,false,BVENY,0,true,0,3,true,true,19,true,PARTIAL,no-past-quarters
GEL US,"Genesis Energy, L.P.",operating,false,GEL,4,true,4,4,true,true,19,true,OK,
8511 JP,"Japan Securities Finance Co.",operating,false,8511.T,2,true,2,0,true,true,21,true,OK,
KOMB CP,"Komercní banka, a.s.",operating,false,KOMB.PR,4,true,4,3,true,false,19,true,OK,
TD US,"The Toronto-Dominion Bank",operating,false,TD,4,true,4,4,true,false,19,true,OK,
1C IM,"Citigroup",operating,false,1C.MI,0,true,0,3,true,false,20,true,PARTIAL,no-past-quarters
601336 CH,"New China Life Insurance Company",operating,false,601336.SS,0,true,0,4,true,true,22,true,PARTIAL,no-past-quarters
CITI AV,"Citigroup",operating,false,CITI.VI,0,true,0,3,true,false,20,true,PARTIAL,no-past-quarters
BBDC4 BZ,"Banco Bradesco S.A.",operating,false,BBDC4.SA,4,true,4,4,true,false,20,true,OK,
1AXP IM,"American Express",operating,false,1AXP.MI,0,true,0,4,true,false,20,true,PARTIAL,no-past-quarters
TRVC GR,"Citigroup",operating,false,TRVC.DE,0,true,0,3,true,false,20,true,PARTIAL,no-past-quarters
AXP AV,"American Express",operating,false,AXP.VI,0,true,0,4,true,false,20,true,PARTIAL,no-past-quarters
CLDN LN,"Caledonia Investments Ord",operating,false,CLDN.L,0,true,0,0,true,true,21,true,PARTIAL,no-past-quarters
AEC1 GR,"American Express",operating,false,AEC1.DE,0,true,0,4,true,false,20,true,PARTIAL,no-past-quarters
CBAUF US,"Commonwealth Bank of Australia",operating,false,CBAUF,0,true,0,0,true,false,19,true,PARTIAL,no-past-quarters
J&KBANK IN,"Jammu and Kashmir Bank",operating,false,J&KBANK.NS,0,true,0,4,true,false,21,true,PARTIAL,no-past-quarters
7184 JP,"The First Bank Of Toyama",operating,false,7184.T,2,true,2,0,true,false,21,true,OK,
ASDM IJ,"PT Asuransi Dayin Mitra Tbk",operating,false,ASDM.JK,0,true,0,0,true,true,22,true,PARTIAL,no-past-quarters
BOCN AV,"Bank of China",operating,false,BOCN.VI,0,true,0,4,true,false,20,true,PARTIAL,no-past-quarters
SAN US,"Banco Santander, S.A.",operating,false,SAN,3,true,3,4,true,false,19,true,OK,
W8V GR,"Bank of China",operating,false,W8V.F,0,true,0,4,true,false,21,true,PARTIAL,no-past-quarters
LN3 GR,"Jefferies Financial Group",operating,false,LN3.F,0,true,0,4,true,false,21,true,PARTIAL,no-past-quarters
NORION SS,"Norion Bank AB (publ)",operating,false,NORION.ST,4,true,4,3,true,false,20,true,OK,
FNMAH US,"Federal National Mortgage Association",operating,false,FNMAH,0,true,0,3,true,false,20,true,PARTIAL,no-past-quarters
7MP GR,"M&G",operating,false,7MP.F,0,true,0,0,true,true,21,true,PARTIAL,no-past-quarters
TQM-R TB,"TQM Alpha Public Company",operating,false,TQM-R.BK,0,true,0,4,true,true,21,true,PARTIAL,no-past-quarters
TQM TB,"TQM Alpha Public Company",operating,false,TQM.BK,1,true,1,4,true,true,21,true,OK,
0165 HK,"China Everbright",operating,false,0165.HK,0,true,0,0,true,true,21,true,PARTIAL,no-past-quarters
BZLYF US,"Beazley",operating,false,BZLYF,0,true,0,0,true,true,19,true,PARTIAL,no-past-quarters
CTIHY US,"China Taiping Insurance Holdings Company",operating,false,CTIHY,0,true,0,0,true,true,19,true,PARTIAL,no-past-quarters
OOA LN,"Octopus AIM VCT Ord",operating,false,OOA.L,0,true,0,0,true,false,21,true,PARTIAL,no-past-quarters
SFGIF US,"Shizuoka Financial Group,Inc.",operating,false,SFGIF,0,true,0,0,true,false,19,true,PARTIAL,no-past-quarters
472220 KS,"SHT-10 SPAC",operating,false,472220.KQ,0,true,0,0,true,false,21,true,PARTIAL,no-past-quarters
S2EI34 BZ,"SEI Investments",operating,false,S2EI34.SA,0,true,0,3,true,true,20,true,PARTIAL,no-past-quarters
PRI US,"Primerica",operating,false,PRI,4,true,4,4,true,true,19,true,OK,
VNRFY US,"Vienna Insurance Group",operating,false,VNRFY,0,true,0,0,true,true,19,true,PARTIAL,no-past-quarters
ZOF GR,"SBI Holdings",operating,false,ZOF.F,0,true,0,0,true,true,21,true,PARTIAL,no-past-quarters
P2U GR,"Shizuoka Financial Group,Inc.",operating,false,P2U.F,0,true,0,0,true,false,21,true,PARTIAL,no-past-quarters
TMXXF US,"TMX Group",operating,false,TMXXF,0,true,0,3,true,true,19,true,PARTIAL,no-past-quarters
EAI0 GR,"Groupe Bruxelles Lambert",operating,false,EAI0.MU,0,true,0,0,true,true,21,true,PARTIAL,no-past-quarters
HLI US,"Houlihan Lokey",operating,false,HLI,4,true,4,4,true,false,19,true,OK,
FRHC US,"Freedom Holdings",operating,false,FRHC,4,true,4,4,true,false,19,true,OK,
488060 KS,"Eugene Special Purpose Acquisition 11 Co.",operating,false,488060.KQ,0,true,0,0,false,false,21,true,PARTIAL,no-past-quarters|no-fundamentals
VNRGF US,"Vienna Insurance Group",operating,false,VNRGF,0,true,0,0,true,true,19,true,PARTIAL,no-past-quarters
SINGER-R TB,"Singer Thailand Public Company",operating,false,SINGER-R.BK,0,true,0,4,true,true,21,true,PARTIAL,no-past-quarters
SINGER TB,"Singer Thailand Public Company",operating,false,SINGER.BK,0,true,0,4,true,true,21,true,PARTIAL,no-past-quarters
KARTKIN IN,"KARTIK INVESTMENTS TRUST",operating,false,KARTKIN.BO,0,true,0,0,true,false,21,true,PARTIAL,no-past-quarters
CPCAP IN,"CP Capital",operating,false,CPCAP.BO,3,true,3,0,true,true,21,true,OK,
ID8 GR,"Slide Insurance Holdings",operating,false,ID8.F,0,true,0,4,true,true,21,true,PARTIAL,no-past-quarters
MNTN LN,"The Schiehallion Fund",operating,false,MNTN.L,0,true,0,0,true,false,21,true,PARTIAL,no-past-quarters
YRRA GR,"Zip Co",operating,false,YRRA.F,0,true,0,0,true,true,21,true,PARTIAL,no-past-quarters
GRLA DC,"GrønlandsBANKEN A/S",operating,false,GRLA.CO,0,true,0,0,true,false,20,true,PARTIAL,no-past-quarters
0H5 GR,"HCI Group",operating,false,0H5.F,0,true,0,4,true,true,21,true,PARTIAL,no-past-quarters
ITCFY US,"Investec",operating,false,ITCFY,0,true,0,0,true,false,19,true,PARTIAL,no-past-quarters
LFB GR,"Mizuho Leasing Company",operating,false,LFB.F,0,true,0,0,true,true,21,true,PARTIAL,no-past-quarters
A35 GR,"Federal Agricultural Mortgage",operating,false,A35.F,0,true,0,4,true,false,21,true,PARTIAL,no-past-quarters
83I GR,"KRUK Spólka Akcyjna",operating,false,83I.F,0,true,0,3,false,true,21,true,PARTIAL,no-past-quarters
BSTZ US,"BlackRock Science and Technology Term Trust",operating,false,BSTZ,0,true,0,0,false,false,19,true,PARTIAL,no-past-quarters|no-fundamentals
MGLLF US,"Magellan Financial Group",operating,false,MGLLF,0,true,0,0,true,true,19,true,PARTIAL,no-past-quarters
CHCO US,"City Holding",operating,false,CHCO,4,true,4,3,true,false,19,true,OK,
BDB IM,"Banco di Desio e della Brianza S.p.A.",operating,false,BDB.MI,0,true,0,0,true,false,20,true,PARTIAL,no-past-quarters
WXF GR,"Hilltop Holdings",operating,false,WXF.F,0,true,0,3,true,false,20,true,PARTIAL,no-past-quarters
0S7 GR,"Seven Bank",operating,false,0S7.F,0,true,0,0,true,false,21,true,PARTIAL,no-past-quarters
BJ7 GR,"Banco di Desio e della Brianza S.p.A.",operating,false,BJ7.SG,0,true,0,0,true,false,21,true,PARTIAL,no-past-quarters
LEXGLOBAL IN,"Lexora Global",operating,false,LEXGLOBAL.BO,0,true,0,0,true,true,21,true,PARTIAL,no-past-quarters
DVNO LN,"Develop North Ord",operating,false,DVNO.L,0,true,0,0,true,false,21,true,PARTIAL,no-past-quarters
D8Q GR,"Bladex",operating,false,D8Q.F,0,true,0,3,true,false,21,true,PARTIAL,no-past-quarters
SPCENET IN,"Spacenet Enterprises India",operating,false,SPCENET.NS,0,true,0,0,true,true,21,true,PARTIAL,no-past-quarters
LOB US,"Live Oak Bancshares",operating,false,LOB,4,true,4,3,true,false,19,true,OK,
GUE GR,"Guotai Junan International Holdings",operating,false,GUE.F,0,true,0,0,true,false,20,true,PARTIAL,no-past-quarters
CAPLIPOINT IN,"CAPLIN POINT LABORATORIES",operating,false,CAPLIPOINT.BO,0,true,0,3,true,true,21,true,PARTIAL,no-past-quarters
BWAY IT,"BrainsWay",operating,false,BWAY.TA,0,true,0,4,true,true,19,true,PARTIAL,no-past-quarters
2175 JP,"SMS Co.",operating,false,2175.T,4,true,4,0,true,true,21,true,OK,
3692 HK,"Hansoh Pharmaceutical Group Company",operating,false,3692.HK,0,true,0,0,true,true,21,true,PARTIAL,no-past-quarters
100120 KS,"Vieworks Co.",operating,false,100120.KQ,0,true,0,4,true,true,21,true,PARTIAL,no-past-quarters
ERIS IN,"Eris Lifesciences",operating,false,ERIS.NS,4,true,4,4,true,true,21,true,OK,
4887 JP,"Sawai Group Holdings Co.",operating,false,4887.T,4,true,4,0,true,true,21,true,OK,
ONESOURCE IN,"OneSource Specialty Pharma",operating,false,ONESOURCE.BO,2,true,2,4,true,true,21,true,OK,
NNO2 AV,"Novo Nordisk A/S",operating,false,NNO2.VI,0,true,0,4,true,true,20,true,PARTIAL,no-past-quarters
NOVA GR,"Novo Nordisk A/S",operating,false,NOVA.F,0,true,0,4,true,true,21,true,PARTIAL,no-past-quarters
EHC MM,"Encompass Health",operating,false,EHC.MX,0,true,0,4,true,true,20,true,PARTIAL,no-past-quarters
PFE CN,"Pfizer",operating,false,PFE.NE,0,true,0,4,true,true,1,true,PARTIAL,no-past-quarters|thin-price-history
NOV GR,"Novo Nordisk A/S",operating,false,NOV.F,0,true,0,4,true,true,21,true,PARTIAL,no-past-quarters
CRL MM,"Charles River Laboratories International",operating,false,CRL.MX,0,true,0,4,true,true,20,true,PARTIAL,no-past-quarters
365270 KS,"curacle co.,ltd.",operating,false,365270.KQ,0,true,0,0,true,true,21,true,PARTIAL,no-past-quarters
A1GI34 BZ,"Agilent Technologies",operating,false,A1GI34.SA,0,true,0,4,true,true,20,true,PARTIAL,no-past-quarters
4544 JP,"H.U. Group Holdings",operating,false,4544.T,4,true,4,0,true,true,21,true,OK,
CVS CN,"CVS Health",operating,false,CVS.NE,0,true,0,4,true,true,1,true,PARTIAL,no-past-quarters|thin-price-history
001630 KS,"Chong Kun Dang Holdings",operating,false,001630.KS,0,true,0,4,true,true,21,true,PARTIAL,no-past-quarters
TMOF AV,"Thermo Fisher Scientific",operating,false,TMOF.VI,0,true,0,3,true,true,20,true,PARTIAL,no-past-quarters
TN8 GR,"Thermo Fisher Scientific",operating,false,TN8.F,0,true,0,3,true,true,21,true,PARTIAL,no-past-quarters
HEALTHX IN,"Health X Platform",operating,false,HEALTHX.NS,2,true,2,2,true,true,21,true,OK,
3079 JP,"DVx",operating,false,3079.T,2,true,2,0,true,true,21,true,OK,
THEMISMED IN,"Themis Medicare",operating,false,THEMISMED.BO,2,true,2,0,true,true,21,true,OK,
WUXI13 TB,"WuXi Biologics (Cayman)",operating,false,WUXI13.BK,0,true,0,0,true,true,21,true,PARTIAL,no-past-quarters
GOV GR,"Insulet",operating,false,GOV.F,0,true,0,4,true,true,21,true,PARTIAL,no-past-quarters
688319 CH,"Chengdu Olymvax Biopharmaceuticals",operating,false,688319.SS,0,true,0,0,true,true,22,true,PARTIAL,no-past-quarters
SMZ1 GR,"Sino Biopharmaceutical",operating,false,SMZ1.F,0,true,0,2,true,true,21,true,PARTIAL,no-past-quarters
SIGACHI IN,"Sigachi Industries",operating,false,SIGACHI.NS,0,true,0,0,true,true,21,true,PARTIAL,no-past-quarters
301263 C1,"Guangdong Taienkang Pharmaceutical Co.",operating,false,301263.SZ,0,true,0,0,true,true,22,true,PARTIAL,no-past-quarters
9637 HK,"Alebund Pharmaceuticals (Jiangsu)",operating,false,9637.HK,0,true,0,0,true,true,21,true,PARTIAL,no-past-quarters
199730 KS,"BioInfra Co.",operating,false,199730.KQ,0,true,0,0,true,true,21,true,PARTIAL,no-past-quarters
KRYS US,"Krystal Biotech",operating,false,KRYS,4,true,4,4,true,true,19,true,OK,
300181 C1,"Zhejiang Jolly Pharmaceutical Co.,LTD",operating,false,300181.SZ,0,true,0,0,true,true,22,true,PARTIAL,no-past-quarters
RDY US,"Dr. Reddy's Laboratories",operating,false,RDY,0,true,0,4,true,true,19,true,PARTIAL,no-past-quarters
RHC AU,"Ramsay Health Care",operating,false,RHC.AX,0,true,0,0,true,true,22,true,PARTIAL,no-past-quarters
TE1 GR,"Bio-Techne",operating,false,TE1.F,0,true,0,4,true,true,21,true,PARTIAL,no-past-quarters
2493 HK,"MABWELL-B",operating,false,2493.HK,0,true,0,0,true,true,21,true,PARTIAL,no-past-quarters
FLGT MM,"Fulgent Genetics",operating,false,FLGT.MX,0,true,0,4,true,true,20,true,PARTIAL,no-past-quarters
OLY GR,"Olympus",operating,false,OLY.F,0,true,0,1,true,true,20,true,PARTIAL,no-past-quarters
HSOA GR,"Encompass Health",operating,false,HSOA.F,0,true,0,4,true,true,21,true,PARTIAL,no-past-quarters
688105 CH,"Nanjing Vazyme Biotech Co.",operating,false,688105.SS,0,true,0,3,true,true,22,true,PARTIAL,no-past-quarters
2X10 GR,"ABIVAX Société Anonyme",operating,false,2X10.SG,0,true,0,4,true,true,21,true,PARTIAL,no-past-quarters
1BMRN IM,"BioMarin Pharmaceutical",operating,false,1BMRN.MI,0,true,0,4,true,true,20,true,PARTIAL,no-past-quarters
PIAHY US,"Ping An Healthcare and Technology Company",operating,false,PIAHY,0,true,0,0,true,true,19,true,PARTIAL,no-past-quarters
ASTH US,"Astrana Health",operating,false,ASTH,4,true,4,4,true,true,19,true,OK,
URGN US,"UroGen Pharma",operating,false,URGN,4,true,4,4,true,true,19,true,OK,
MX6A GR,"Grand Pharmaceutical Group",operating,false,MX6A.F,0,true,0,0,true,true,20,true,PARTIAL,no-past-quarters
BVNRY US,"Bavarian Nordic A/S",operating,false,BVNRY,0,true,0,4,true,true,19,true,PARTIAL,no-past-quarters
CORALAB IN,"Coral Laboratories",operating,false,CORALAB.BO,3,true,3,0,true,true,21,true,OK,
MESO US,"Mesoblast",operating,false,MESO,2,true,2,2,true,true,19,true,OK,
603079 CH,"Zhejiang Shengda Bio-Pharm Co.",operating,false,603079.SS,0,true,0,0,true,true,22,true,PARTIAL,no-past-quarters
ARSUF US,"Fagron",operating,false,ARSUF,0,true,0,0,true,true,19,true,PARTIAL,no-past-quarters
NKT-R TB,"Nakornthon Hospital Public Company",operating,false,NKT-R.BK,0,true,0,3,true,true,1,true,PARTIAL,no-past-quarters|thin-price-history
NKT TB,"Nakornthon Hospital Public Company",operating,false,NKT.BK,0,true,0,3,true,true,21,true,PARTIAL,no-past-quarters
PVLA US,"Palvella Therapeutics",operating,false,PVLA,4,true,4,4,false,false,19,true,PARTIAL,no-fundamentals
300254 C1,"ShanXi C&Y Pharmaceutical Group Co.,LTD.",operating,false,300254.SZ,1,true,1,0,true,true,22,true,OK,
7QD GR,"Clover Health Investments",operating,false,7QD.F,0,true,0,4,true,true,20,true,PARTIAL,no-past-quarters
AUPH US,"Aurinia Pharmaceuticals",operating,false,AUPH,4,true,4,4,true,true,20,true,OK,
SNDA US,"Sonida Senior Living",operating,false,SNDA,2,true,2,4,true,true,19,true,OK,
IXI LN,"IXICO",operating,false,IXI.L,0,true,0,0,true,true,20,true,PARTIAL,no-past-quarters
NORDH NO,"Nordhealth AS",operating,false,NORDH.OL,2,true,2,4,true,true,20,true,OK,
4DX AU,"4DMedical",operating,false,4DX.AX,0,true,0,0,true,true,22,true,PARTIAL,no-past-quarters
RXK3 GR,"SELLAS Life Sciences Group",operating,false,RXK3.F,0,true,0,4,false,false,21,true,PARTIAL,no-past-quarters|no-fundamentals
P2OD34 BZ,"Insulet",operating,false,P2OD34.SA,0,true,0,4,true,true,20,true,PARTIAL,no-past-quarters
LHU GR,"LeMaitre Vascular",operating,false,LHU.F,0,true,0,4,true,true,21,true,PARTIAL,no-past-quarters
UNJ GR,"The United Laboratories International Holdings",operating,false,UNJ.F,0,true,0,0,true,true,21,true,PARTIAL,no-past-quarters
GGNDF US,"GN Store Nord A/S",operating,false,GGNDF,0,true,0,3,true,true,19,true,PARTIAL,no-past-quarters
RAPP US,"Rapport Therapeutics",operating,false,RAPP,4,true,4,4,true,true,19,true,OK,
GESHIP IN,"The Great Eastern Shipping Company",operating,false,GESHIP.BO,4,true,4,4,true,true,21,true,OK,
6498 JP,"KITZ",operating,false,6498.T,2,true,2,0,true,true,21,true,OK,
TRITURBINE IN,"Triveni Turbine",operating,false,TRITURBINE.BO,4,true,4,4,true,true,21,true,OK,
018000 KS,"Unison Co.",operating,false,018000.KQ,0,true,0,0,true,true,21,true,PARTIAL,no-past-quarters
HBLENGINE IN,"HBL Engineering",operating,false,HBLENGINE.BO,0,true,0,0,true,true,21,true,PARTIAL,no-past-quarters
NVS SJ,"Novus Holdings",operating,false,NVS.JO,0,true,0,0,true,true,20,true,PARTIAL,no-past-quarters
KAJARIACER IN,"Kajaria Ceramics",operating,false,KAJARIACER.BO,4,true,4,3,true,true,2,true,PARTIAL,thin-price-history
000490 KS,"Daedong",operating,false,000490.KS,0,true,0,3,true,true,21,true,PARTIAL,no-past-quarters
SIE0 GR,"Siemens Aktiengesellschaft",operating,false,SIE0.F,0,true,0,4,true,true,21,true,PARTIAL,no-past-quarters
OPUS HB,"OPUS GLOBAL Nyrt.",operating,false,OPUS.BD,0,true,0,0,true,true,20,true,PARTIAL,no-past-quarters
067390 KS,"AeroSpace Technology of Korea",operating,false,067390.KQ,1,true,1,4,true,true,21,true,OK,
APII IJ,"PT Arita Prima Indonesia Tbk",operating,false,APII.JK,0,true,0,0,true,true,22,true,PARTIAL,no-past-quarters
012205 KS,"Keyang Electric Machinery Co.",operating,false,012205.KS,0,true,0,0,true,true,21,true,PARTIAL,no-past-quarters
WEGE3 BZ,"WEG S.A.",operating,false,WEGE3.SA,4,true,4,3,true,true,20,true,OK,
600406 CH,"NARI Technology Co.",operating,false,600406.SS,0,true,0,3,true,true,22,true,PARTIAL,no-past-quarters
5331 JP,"Noritake Co.",operating,false,5331.T,2,true,2,0,true,true,21,true,OK,
601668 CH,"China State Construction Engineering Corporation",operating,false,601668.SS,0,true,0,3,true,true,22,true,PARTIAL,no-past-quarters
095570 KS,"AJ Networks Co.,Ltd.",operating,false,095570.KS,0,true,0,4,true,true,21,true,PARTIAL,no-past-quarters
036190 KS,"Geumhwa Plant Service & Construction Co.",operating,false,036190.KQ,0,true,0,4,true,true,21,true,PARTIAL,no-past-quarters
7846 JP,"Pilot",operating,false,7846.T,2,true,2,0,true,true,21,true,OK,
LION IJ,"PT Lion Metal Works Tbk",operating,false,LION.JK,0,true,0,0,true,true,22,true,PARTIAL,no-past-quarters
FJE GR,"Fuji Electric Co.",operating,false,FJE.F,0,true,0,0,true,true,21,true,PARTIAL,no-past-quarters
300938 C1,"EMTEK (Shenzhen) Co.",operating,false,300938.SZ,0,true,0,1,true,true,22,true,PARTIAL,no-past-quarters
603992 CH,"Xiamen Solex High-tech Industries Co.",operating,false,603992.SS,0,true,0,0,true,true,22,true,PARTIAL,no-past-quarters
603052 CH,"Suzhou K-Hiragawa Electronic Technology Co.",operating,false,603052.SS,0,true,0,0,true,true,22,true,PARTIAL,no-past-quarters
DNGFF US,"Dongfang Electric Corporation",operating,false,DNGFF,0,true,0,3,true,true,19,true,PARTIAL,no-past-quarters
HI4 GR,"Huntington Ingalls Industries",operating,false,HI4.F,0,true,0,4,true,true,21,true,PARTIAL,no-past-quarters
5721 JP,"S Crypto Energy",operating,false,5721.T,2,true,2,1,true,true,21,true,OK,
SKN GR,"Skanska AB (publ)",operating,false,SKN.F,0,true,0,4,false,true,21,true,PARTIAL,no-past-quarters
6230 JP,"Sanei",operating,false,6230.T,2,true,2,0,true,true,21,true,OK,
REH AU,"Reece",operating,false,REH.AX,0,true,0,0,true,true,22,true,PARTIAL,no-past-quarters
TNU GR,"Getlink SE",operating,false,TNU.F,0,true,0,0,true,true,21,true,PARTIAL,no-past-quarters
688090 CH,"Guangzhou Risong Intelligent Technology Holding Co.",operating,false,688090.SS,0,true,0,0,true,true,22,true,PARTIAL,no-past-quarters
MIL GR,"Mitsui O.S.K. Lines",operating,false,MIL.F,0,true,0,0,true,true,20,true,PARTIAL,no-past-quarters
1511 HK,"UISEE TECH",operating,false,1511.HK,0,true,0,0,true,true,21,true,PARTIAL,no-past-quarters
AYI US,"Acuity",operating,false,AYI,4,true,4,4,true,true,19,true,OK,
AD2 AV,"Air China",operating,false,AD2.VI,0,true,0,3,true,true,20,true,PARTIAL,no-past-quarters
603218 CH,"Riyue Heavy Industry Co.,Ltd",operating,false,603218.SS,0,true,0,4,true,true,22,true,PARTIAL,no-past-quarters
PLEJD SS,"Plejd AB",operating,false,PLEJD.ST,4,true,4,3,true,true,20,true,OK,
600787 CH,"CMST Development Co.,Ltd.",operating,false,600787.SS,0,true,0,0,true,true,22,true,PARTIAL,no-past-quarters
002276 C1,"Zhejiang Wanma Co.",operating,false,002276.SZ,0,true,0,0,true,true,22,true,PARTIAL,no-past-quarters
1612 TT,"Hong Tai Electric Industrial Co.",operating,false,1612.TW,4,true,4,0,true,true,22,true,OK,
HKTGF US,"Hikari Tsushin",operating,false,HKTGF,0,true,0,0,true,true,19,true,PARTIAL,no-past-quarters
IBADF US,"Inaba Denki Sangyo Co.,Ltd.",operating,false,IBADF,0,true,0,0,true,true,19,true,PARTIAL,no-past-quarters
9760 JP,"Shingakukai Holdings Co.,Ltd.",operating,false,9760.T,2,true,2,0,true,true,21,true,OK,
5950 JP,"Japan Power Fastening Co.,Ltd.",operating,false,5950.T,2,true,2,0,true,true,21,true,OK,
2C6 GR,"China Development Bank Financial Leasing Co.",operating,false,2C6.F,0,true,0,0,true,false,21,true,PARTIAL,no-past-quarters
EUCA4 BZ,"Eucatex S.A. Indústria e Comércio",operating,false,EUCA4.SA,0,true,0,0,true,true,20,true,PARTIAL,no-past-quarters
603959 CH,"Hunan Baili Engineering Sci&Tech Co.,Ltd",operating,false,603959.SS,0,true,0,0,true,true,22,true,PARTIAL,no-past-quarters
000826 C1,"TUS Environmental Science and Technology Development Co.",operating,false,000826.SZ,0,true,0,4,true,true,22,true,PARTIAL,no-past-quarters
7OK GR,"Okeanis Eco Tankers",operating,false,7OK.F,0,true,0,4,true,true,21,true,PARTIAL,no-past-quarters
0393 HK,"Glorious Sun Enterprises",operating,false,0393.HK,0,true,0,0,true,true,20,true,PARTIAL,no-past-quarters
002671 C1,"Shandong Longquan Pipe Industry Co.,Ltd",operating,false,002671.SZ,1,true,1,4,true,true,22,true,OK,
301314 C1,"Zhuhai Kles Technologyco.,Ltd",operating,false,301314.SZ,0,true,0,0,true,true,22,true,PARTIAL,no-past-quarters
HNWAF US,"Hanwa Co.",operating,false,HNWAF,0,true,0,0,true,true,19,true,PARTIAL,no-past-quarters
GSDDE TI,"GSD Denizcilik Gayrimenkul Insaat Sanayi ve Ticaret A.S.",operating,false,GSDDE.IS,1,true,1,0,true,true,19,true,OK,
AF8 GR,"AF Gruppen ASA",operating,false,AF8.F,0,true,0,4,true,true,21,true,PARTIAL,no-past-quarters
2236 HK,"Wison Engineering Services Co.",operating,false,2236.HK,0,true,0,0,true,true,21,true,PARTIAL,no-past-quarters
300929 C1,"Anhui Huaqi Environmental Protection & Technology Co.",operating,false,300929.SZ,0,true,0,0,true,true,22,true,PARTIAL,no-past-quarters
AMA-R TB,"Ama Marine Public Company",operating,false,AMA-R.BK,0,true,0,2,true,true,21,true,PARTIAL,no-past-quarters
AMA TB,"Ama Marine Public Company",operating,false,AMA.BK,1,true,1,2,true,true,21,true,OK,
RMGNF US,"RHI Magnesita",operating,false,RMGNF,0,true,0,0,true,true,19,true,PARTIAL,no-past-quarters
688597 CH,"Beijing Yupont Electric Power Technology Co.",operating,false,688597.SS,0,true,0,0,true,true,22,true,PARTIAL,no-past-quarters
BYGGP SS,"ByggPartner Gruppen AB (publ)",operating,false,BYGGP.ST,0,true,0,4,true,true,20,true,PARTIAL,no-past-quarters
603321 CH,"Zhejiang Meilun Elevator Co.",operating,false,603321.SS,0,true,0,0,true,true,22,true,PARTIAL,no-past-quarters
CKNHF US,"Clarkson",operating,false,CKNHF,0,true,0,0,true,true,19,true,PARTIAL,no-past-quarters
TODCF US,"",operating,false,TODCF,0,true,0,0,true,true,19,true,PARTIAL,no-past-quarters
688038 CH,"Wuhan Citms Technology CO.,LTD.",operating,false,688038.SS,0,true,0,0,true,true,22,true,PARTIAL,no-past-quarters
BKNG CN,"BOOKING CDR (CAD HEDGED)",operating,false,BKNG.NE,0,true,0,4,true,true,1,true,PARTIAL,no-past-quarters|thin-price-history
7220 JP,"Musashi Seimitsu Industry Co.",operating,false,7220.T,2,true,2,0,true,true,21,true,OK,
3097 JP,"The Monogatari",operating,false,3097.T,2,true,2,0,true,true,21,true,OK,
D1HI34 BZ,"D.R. Horton",operating,false,D1HI34.SA,0,true,0,4,true,true,20,true,PARTIAL,no-past-quarters
NION MM,"NIO",operating,false,NION.MX,0,true,0,4,true,true,20,true,PARTIAL,no-past-quarters
HESAY US,"Hermès International Société en commandite par actions",operating,false,HESAY,0,true,0,0,true,true,19,true,PARTIAL,no-past-quarters
001465 KS,"BYC Co.",operating,false,001465.KS,0,true,0,0,true,true,21,true,PARTIAL,no-past-quarters
PTSP IJ,"PT Pioneerindo Gourmet International Tbk",operating,false,PTSP.JK,0,true,0,0,true,true,22,true,PARTIAL,no-past-quarters
013890 KS,"Zinus",operating,false,013890.KS,3,true,3,4,true,true,21,true,OK,
HESAF US,"Hermès International Société en commandite par actions",operating,false,HESAF,0,true,0,0,true,true,19,true,PARTIAL,no-past-quarters
ECII IJ,"PT Electronic City Indonesia Tbk",operating,false,ECII.JK,0,true,0,0,true,true,22,true,PARTIAL,no-past-quarters
2659 JP,"SAN-A CO.,LTD.",operating,false,2659.T,2,true,2,0,true,true,21,true,OK,
IDEXY US,"Industria de Diseño Textil, S.A.",operating,false,IDEXY,0,true,0,3,true,true,19,true,PARTIAL,no-past-quarters
DUNI IT,"Duniec Bros.",operating,false,DUNI.TA,0,true,0,0,true,true,19,true,PARTIAL,no-past-quarters
DPZ MM,"Domino's Pizza",operating,false,DPZ.MX,0,true,0,4,true,true,20,true,PARTIAL,no-past-quarters
0R16 LN,"MCDONALD'S CORP MCDONALD'S ORD",operating,false,0R16.L,0,true,0,0,true,true,1,true,PARTIAL,no-past-quarters|thin-price-history
TOM GR,"Toyota Motor",operating,false,TOM.F,0,true,0,4,true,true,21,true,PARTIAL,no-past-quarters
3569 JP,"Seiren Co.,Ltd.",operating,false,3569.T,2,true,2,0,true,true,21,true,OK,
7685 JP,"BuySell Technologies Co.,Ltd.",operating,false,7685.T,4,true,4,0,true,true,21,true,OK,
IDEXF US,"Industria de Diseño Textil, S.A.",operating,false,IDEXF,0,true,0,3,true,true,19,true,PARTIAL,no-past-quarters
HOND34 BZ,"Honda Motor Co.",operating,false,HOND34.SA,0,true,0,4,true,true,20,true,PARTIAL,no-past-quarters
9948 JP,"ARCS Company",operating,false,9948.T,2,true,2,0,true,true,21,true,OK,
241590 KS,"Hwaseung Enterprise Co.",operating,false,241590.KS,0,true,0,4,true,true,21,true,PARTIAL,no-past-quarters
TOM AV,"Toyota Motor",operating,false,TOM.VI,0,true,0,4,true,true,20,true,PARTIAL,no-past-quarters
9950 JP,"Hachi-Ban Co.",operating,false,9950.T,2,true,2,1,true,true,21,true,OK,
2798 JP,"Y's Table",operating,false,2798.T,2,true,2,0,true,true,21,true,OK,
003018 C1,"JinFu Technology Co.",operating,false,003018.SZ,0,true,0,0,true,true,22,true,PARTIAL,no-past-quarters
N3IA GR,"NIO",operating,false,N3IA.F,0,true,0,4,true,true,20,true,PARTIAL,no-past-quarters
3320 JP,"Cross Plus",operating,false,3320.T,2,true,2,0,true,true,21,true,OK,
MOTR LN,"Motorpoint Group",operating,false,MOTR.L,0,true,0,0,true,true,20,true,PARTIAL,no-past-quarters
000700 C1,"Jiangnan Mould & Plastic Technology Co.",operating,false,000700.SZ,0,true,0,0,true,true,22,true,PARTIAL,no-past-quarters
1C9A GR,"CCL Industries",operating,false,1C9A.F,0,true,0,4,true,true,21,true,PARTIAL,no-past-quarters
301488 C1,"Longhorn Auto Co.",operating,false,301488.SZ,0,true,0,0,true,true,22,true,PARTIAL,no-past-quarters
7271 JP,"Yasunaga",operating,false,7271.T,2,true,2,0,true,true,21,true,OK,
605318 CH,"Fsilon Furnishing and Construction Materials",operating,false,605318.SS,0,true,0,0,true,true,22,true,PARTIAL,no-past-quarters
301529 C1,"WuHu Foresight Technology Co.,Ltd.",operating,false,301529.SZ,0,true,0,0,true,true,22,true,PARTIAL,no-past-quarters
BIL IN,"Bhartiya International",operating,false,BIL.BO,2,true,2,2,true,true,21,true,OK,
3943 JP,"Ohishi Sangyo Co.",operating,false,3943.T,2,true,2,0,true,true,21,true,OK,
CART US,"Maplebear",operating,false,CART,4,true,4,4,true,true,19,true,OK,
0045 HK,"The Hongkong and Shanghai Hotels",operating,false,0045.HK,0,true,0,0,true,true,21,true,PARTIAL,no-past-quarters
GWLLY US,"Great Wall Motor Company",operating,false,GWLLY,0,true,0,1,true,true,19,true,PARTIAL,no-past-quarters
3560 JP,"Hobonichi Co.",operating,false,3560.T,2,true,2,0,true,true,21,true,OK,
HLLGY US,"HELLA GmbH & Co. KGaA",operating,false,HLLGY,0,true,0,4,true,true,19,true,PARTIAL,no-past-quarters
4331 JP,"Take and Give. Needs Co.",operating,false,4331.T,1,true,1,0,true,true,21,true,OK,
1MU GR,"Murphy USA",operating,false,1MU.F,0,true,0,4,true,true,21,true,PARTIAL,no-past-quarters
9690 HK,"TUHU Car",operating,false,9690.HK,4,true,4,0,true,true,21,true,OK,
FUH GR,"Subaru",operating,false,FUH.F,0,true,0,0,true,true,21,true,PARTIAL,no-past-quarters
1316 HK,"Nexteer Automotive Group",operating,false,1316.HK,0,true,0,0,true,true,21,true,PARTIAL,no-past-quarters
301061 C1,"MotoMotion China",operating,false,301061.SZ,4,true,4,2,true,true,22,true,OK,
RNDOF US,"Round One",operating,false,RNDOF,0,true,0,0,true,true,19,true,PARTIAL,no-past-quarters
600148 CH,"Changchun Yidong Clutch CO.,LTD",operating,false,600148.SS,1,true,1,1,true,true,22,true,OK,
9IL GR,"Bally's Intralot S.A.",operating,false,9IL.F,0,true,0,1,true,true,21,true,PARTIAL,no-past-quarters
8395 HK,"ZXZN Qi-House Holdings",operating,false,8395.HK,0,true,0,0,true,true,21,true,PARTIAL,no-past-quarters
CWB GR,"Currys",operating,false,CWB.F,0,true,0,0,true,true,21,true,PARTIAL,no-past-quarters
SBUX80 TB,"Starbucks",operating,false,SBUX80.BK,0,true,0,4,true,true,21,true,PARTIAL,no-past-quarters
001209 C1,"Guangdong Hongxing Industrial Co.",operating,false,001209.SZ,0,true,0,0,true,true,22,true,PARTIAL,no-past-quarters
SWADEIN IN,"Swadeshi Industries & Leasing",operating,false,SWADEIN.BO,0,true,0,0,true,true,21,true,PARTIAL,no-past-quarters
2521 HK,"Shenghui Cleanness Group Holdings",operating,false,2521.HK,0,true,0,0,true,true,21,true,PARTIAL,no-past-quarters
301229 C1,"Jiangsu New Technology Group Co.,Ltd.",operating,false,301229.SZ,0,true,0,0,true,true,22,true,PARTIAL,no-past-quarters
SHRIDINE IN,"Shri Dinesh Mills",operating,false,SHRIDINE.BO,0,true,0,0,true,true,21,true,PARTIAL,no-past-quarters
1CEC IM,"CECONOMY",operating,false,1CEC.MI,0,true,0,4,true,true,20,true,PARTIAL,no-past-quarters
WN30 GR,"Woolworths Holdings",operating,false,WN30.F,0,true,0,0,true,true,21,true,PARTIAL,no-past-quarters
SYM LN,"Symphony Environmental Technologies",operating,false,SYM.L,0,true,0,0,true,true,20,true,PARTIAL,no-past-quarters
CEC AV,"Ceconomy",operating,false,CEC.VI,0,true,0,4,true,true,20,true,PARTIAL,no-past-quarters
PSNY US,"Polestar Automotive Holding UK",operating,false,PSNY,4,true,4,2,true,true,19,true,OK,
CEC GR,"Ceconomy",operating,false,CEC.DE,1,true,1,4,true,true,20,true,OK,
SFRGY US,"Salvatore Ferragamo S.p.A.",operating,false,SFRGY,0,true,0,0,true,true,19,true,PARTIAL,no-past-quarters
002836 C1,"Guangdong New Grand Long Packing Co.",operating,false,002836.SZ,0,true,0,0,true,true,22,true,PARTIAL,no-past-quarters
BOBS US,"Bob's Discount Furniture",operating,false,BOBS,2,true,2,2,true,true,19,true,OK,
9978 JP,"Bunkyodo Group Holdings Co.",operating,false,9978.T,2,true,2,0,true,true,21,true,OK,
600241 CH,"Liaoning Shidai Wanheng Co.,Ltd.",operating,false,600241.SS,0,true,0,0,true,true,22,true,PARTIAL,no-past-quarters
TAH AU,"Tabcorp Holdings",operating,false,TAH.AX,0,true,0,0,true,true,22,true,PARTIAL,no-past-quarters
MTTRY US,"Ceconomy",operating,false,MTTRY,0,true,0,4,true,true,19,true,PARTIAL,no-past-quarters
LOR GR,"L'Oréal S.A.",operating,false,LOR.F,0,true,0,0,true,true,21,true,PARTIAL,no-past-quarters
OR FP,"L'Oréal S.A.",operating,false,OR.PA,0,true,0,0,true,true,20,true,PARTIAL,no-past-quarters
GNC LN,"Greencore Group",operating,false,GNC.L,0,true,0,0,true,true,20,true,PARTIAL,no-past-quarters
ITIC IJ,"PT Indonesian Tobacco Tbk",operating,false,ITIC.JK,0,true,0,0,true,true,22,true,PARTIAL,no-past-quarters
044820 KS,"Cosmax BTI",operating,false,044820.KS,0,true,0,1,true,true,21,true,PARTIAL,no-past-quarters
HATSUN IN,"Hatsun Agro Product",operating,false,HATSUN.NS,3,true,3,3,true,true,22,true,OK,
123330 KS,"Genic Co.",operating,false,123330.KQ,0,true,0,0,true,true,21,true,PARTIAL,no-past-quarters
LORA GR,"L'Oréal S.A.",operating,false,LORA.F,0,true,0,0,true,true,21,true,PARTIAL,no-past-quarters
011155 KS,"CJ Seafood",operating,false,011155.KS,0,true,0,0,true,true,21,true,PARTIAL,no-past-quarters
9869 JP,"Kato Sangyo Co.",operating,false,9869.T,2,true,2,0,true,true,21,true,OK,
MRAT IJ,"PT Mustika Ratu Tbk",operating,false,MRAT.JK,0,true,0,0,true,true,22,true,PARTIAL,no-past-quarters
0QOS LN,"PepsiCo",operating,false,0QOS.L,0,true,0,4,true,true,21,true,PARTIAL,no-past-quarters
ESSITY-A SS,"Essity AB (publ)",operating,false,ESSITY-A.ST,0,true,0,3,true,true,20,true,PARTIAL,no-past-quarters
ESSITY-B SS,"Essity AB (publ)",operating,false,ESSITY-B.ST,4,true,4,3,true,true,20,true,OK,
PHMO34 BZ,"Philip Morris International",operating,false,PHMO34.SA,0,true,0,4,true,true,20,true,PARTIAL,no-past-quarters
068930 KS,"Digital Daesung Co.",operating,false,068930.KQ,0,true,0,4,true,true,21,true,PARTIAL,no-past-quarters
004415 KS,"Seoul Food Industrial.Co.,Ltd",operating,false,004415.KS,0,true,0,0,true,true,21,true,PARTIAL,no-past-quarters
1377 JP,"Sakata Seed",operating,false,1377.T,2,true,2,0,true,true,21,true,OK,
2714 HK,"Muyuan Foods Group Co.",operating,false,2714.HK,0,true,0,3,true,true,21,true,PARTIAL,no-past-quarters
001130 KS,"Daehan Flour Mills Co.,Ltd",operating,false,001130.KS,4,true,4,0,true,true,21,true,OK,
PEP US,"PepsiCo",operating,false,PEP,4,true,4,4,true,true,20,true,OK,
3288 HK,"Foshan Haitian Flavouring and Food Company",operating,false,3288.HK,3,true,3,3,true,true,21,true,OK,
237880 KS,"CLIO Cosmetics Co.,Ltd",operating,false,237880.KQ,0,true,0,4,true,true,21,true,PARTIAL,no-past-quarters
JSNSF US,"J Sainsbury",operating,false,JSNSF,0,true,0,0,true,true,19,true,PARTIAL,no-past-quarters
SB7 GR,"Saputo",operating,false,SB7.F,0,true,0,4,true,true,21,true,PARTIAL,no-past-quarters
UNICY US,"Unicharm",operating,false,UNICY,0,true,0,4,true,true,19,true,PARTIAL,no-past-quarters
DAR US,"Darling Ingredients",operating,false,DAR,4,true,4,4,true,true,19,true,OK,
KRISHIVAL IN,"Krishival Foods",operating,false,KRISHIVAL.BO,0,true,0,0,true,true,21,true,PARTIAL,no-past-quarters
3080 JP,"Jason Co.",operating,false,3080.T,2,true,2,0,true,true,21,true,OK,
CRHKY US,"China Resources Beer (Holdings) Company",operating,false,CRHKY,0,true,0,0,true,true,19,true,PARTIAL,no-past-quarters
000048 C1,"Shenzhen Kingkey Smart Agriculture Times Co.,Ltd",operating,false,000048.SZ,0,true,0,1,true,true,22,true,PARTIAL,no-past-quarters
DNUT MM,"Krispy Kreme",operating,false,DNUT.MX,0,true,0,4,true,true,20,true,PARTIAL,no-past-quarters
025870 KS,"Silla Sg Co.",operating,false,025870.KQ,0,true,0,0,true,true,21,true,PARTIAL,no-past-quarters
MNHVF US,"Mowi ASA",operating,false,MNHVF,0,true,0,4,true,true,19,true,PARTIAL,no-past-quarters
IFBAGRO IN,"IFB Agro Industries",operating,false,IFBAGRO.NS,3,true,3,2,true,true,21,true,OK,
MICC NA,"THE MAGNUM ICE CREAM COMPANY N.",operating,false,MICC.AS,0,true,0,0,true,true,20,true,PARTIAL,no-past-quarters
RBF-R TB,"R&B Food Supply Public Company",operating,false,RBF-R.BK,0,true,0,4,true,true,21,true,PARTIAL,no-past-quarters
RBF TB,"R&B Food Supply Public Company",operating,false,RBF.BK,4,true,4,4,true,true,21,true,OK,
002100 C1,"TECON BIOLOGY Co.LTD",operating,false,002100.SZ,0,true,0,0,true,true,22,true,PARTIAL,no-past-quarters
7RM GR,"The Magnum Ice Cream Company",operating,false,7RM.F,0,true,0,0,true,true,20,true,PARTIAL,no-past-quarters
4BB GR,"Budweiser Brewing Company APAC",operating,false,4BB.F,0,true,0,0,true,true,21,true,PARTIAL,no-past-quarters
002557 C1,"Chacha Food Company",operating,false,002557.SZ,4,true,4,3,true,true,22,true,OK,
CRHKF US,"China Resources Beer (Holdings) Company",operating,false,CRHKF,0,true,0,0,true,true,19,true,PARTIAL,no-past-quarters
002891 C1,"Yantai China Pet Foods Co.",operating,false,002891.SZ,4,true,4,3,true,true,22,true,OK,
603027 CH,"Qianhe Condiment and Food Co.",operating,false,603027.SS,0,true,0,3,true,true,22,true,PARTIAL,no-past-quarters
ASGARD IN,"Asgard Alcobev",operating,false,ASGARD.BO,0,true,0,0,true,true,21,true,PARTIAL,no-past-quarters
1220 TT,"Tai Roun Products Co.,Ltd.",operating,false,1220.TW,3,true,3,0,true,true,22,true,OK,
YDUQ3 BZ,"Yduqs Participações S.A.",operating,false,YDUQ3.SA,4,true,4,4,true,true,20,true,OK,
YKH0 GR,"Yakult Honsha Co.,Ltd.",operating,false,YKH0.F,0,true,0,0,true,true,21,true,PARTIAL,no-past-quarters
003023 C1,"Chengdu Rainbow Appliance (Group) Shares Co.",operating,false,003023.SZ,0,true,0,0,true,true,22,true,PARTIAL,no-past-quarters
OCDGF US,"Ocado Group",operating,false,OCDGF,0,true,0,0,true,true,19,true,PARTIAL,no-past-quarters
VTRU3 BZ,"Vitru Educação S.A.",operating,false,VTRU3.SA,4,true,4,4,true,true,20,true,OK,
MCSHF US,"Metcash",operating,false,MCSHF,0,true,0,0,true,true,19,true,PARTIAL,no-past-quarters
MG9 GR,"Metcash",operating,false,MG9.F,0,true,0,0,true,true,21,true,PARTIAL,no-past-quarters
SUN-R TB,"Sunsweet Public Company",operating,false,SUN-R.BK,0,true,0,4,true,true,21,true,PARTIAL,no-past-quarters
SUN TB,"Sunsweet Public Company",operating,false,SUN.BK,3,true,3,4,true,true,21,true,OK,
002495 C1,"Guangdong Jialong Food Co.",operating,false,002495.SZ,0,true,0,0,true,true,22,true,PARTIAL,no-past-quarters
ZAPPFRESH IN,"DSM Fresh Foods",operating,false,ZAPPFRESH.BO,0,true,0,0,true,true,21,true,PARTIAL,no-past-quarters
MTTWF US,"Metro",operating,false,MTTWF,0,true,0,4,true,true,19,true,PARTIAL,no-past-quarters
603151 CH,"Shandong Teamgene Technology Co.",operating,false,603151.SS,0,true,0,0,true,true,22,true,PARTIAL,no-past-quarters
600540 CH,"Xinjiang Sayram Modern Agriculture Co.",operating,false,600540.SS,0,true,0,0,true,true,22,true,PARTIAL,no-past-quarters
5138 MK,"Hap Seng Plantations Holdings Berhad",operating,false,5138.KL,1,true,1,4,true,true,22,true,OK,
CO3A GR,"Coty",operating,false,CO3A.F,0,true,0,4,true,true,21,true,PARTIAL,no-past-quarters
3998 JP,"SuRaLa Net Co.,Ltd.",operating,false,3998.T,2,true,2,0,true,true,21,true,OK,
ADON IN,"ADON AGRO COMMODITIES",operating,false,ADON.BO,0,true,0,0,true,true,16,true,PARTIAL,no-past-quarters
4720 JP,"Johnan Academic Preparatory Institute",operating,false,4720.T,2,true,2,0,true,true,21,true,OK,
002732 C1,"Guangdong Yantang Dairy Co.",operating,false,002732.SZ,0,true,0,0,true,true,22,true,PARTIAL,no-past-quarters
4918 JP,"Ivy Cosmetics",operating,false,4918.T,2,true,2,0,true,true,21,true,OK,
603536 CH,"Shandong Huifa Foodstuff Co.,Ltd.",operating,false,603536.SS,0,true,0,0,true,true,22,true,PARTIAL,no-past-quarters
0Q1S LN,"Verizon Communications",operating,false,0Q1S.L,0,true,0,3,true,true,21,true,PARTIAL,no-past-quarters
053210 KS,"KT Skylife Co.",operating,false,053210.KS,0,true,0,4,true,true,21,true,PARTIAL,no-past-quarters
VZ US,"Verizon Communications",operating,false,VZ,4,true,4,3,true,true,20,true,OK,
TMUS US,"T-Mobile US",operating,false,TMUS,4,true,4,4,true,true,20,true,OK,
SUNTV IN,"Sun TV Network",operating,false,SUNTV.NS,4,true,4,4,true,true,21,true,OK,
SINGTEL80 TB,"Singapore Telecommunications",operating,false,SINGTEL80.BK,0,true,0,0,true,true,21,true,PARTIAL,no-past-quarters
194480 KS,"Devsisters",operating,false,194480.KQ,1,true,1,4,true,true,21,true,OK,
2121 JP,"MIXI",operating,false,2121.T,2,true,2,0,true,true,21,true,OK,
SFTBF US,"SoftBank Group",operating,false,SFTBF,0,true,0,0,true,true,19,true,PARTIAL,no-past-quarters
SFTBY US,"SoftBank Group",operating,false,SFTBY,0,true,0,0,true,true,19,true,PARTIAL,no-past-quarters
TTKOM TI,"Türk Telekomünikasyon Anonim Sirketi",operating,false,TTKOM.IS,0,true,0,3,true,true,19,true,PARTIAL,no-past-quarters
1024 HK,"Kuaishou Technology",operating,false,1024.HK,4,true,4,1,true,true,21,true,OK,
TEL NO,"Telenor ASA",operating,false,TEL.OL,4,true,4,3,true,true,20,true,OK,
BIDU34 BZ,"Baidu",operating,false,BIDU34.SA,0,true,0,4,true,true,20,true,PARTIAL,no-past-quarters
V1OD34 BZ,"Vodafone Group Public Limited",operating,false,V1OD34.SA,0,true,0,0,true,true,20,true,PARTIAL,no-past-quarters
TELIA SS,"Telia Company AB (publ)",operating,false,TELIA.ST,4,true,4,4,true,true,20,true,OK,
0QZ1 LN,"AT&T INC. AT&T ORD",operating,false,0QZ1.L,0,true,0,0,true,true,1,true,PARTIAL,no-past-quarters|thin-price-history
R2BL34 BZ,"Roblox",operating,false,R2BL34.SA,0,true,0,4,true,true,20,true,PARTIAL,no-past-quarters
0QZO LN,"WALT DISNEY CO WALT DISNEY ORD",operating,false,0QZO.L,0,true,0,0,true,true,1,true,PARTIAL,no-past-quarters|thin-price-history
000839 C1,"CITIC Guoan Information Industry Co.",operating,false,000839.SZ,0,true,0,0,true,true,22,true,PARTIAL,no-past-quarters
3911 JP,"Aiming",operating,false,3911.T,2,true,2,0,true,true,21,true,OK,
KUAISH01 TB,"Kuaishou Technology",operating,false,KUAISH01.BK,0,true,0,1,true,true,21,true,PARTIAL,no-past-quarters
603220 CH,"China Bester Group Telecom Co.",operating,false,603220.SS,0,true,0,0,true,true,22,true,PARTIAL,no-past-quarters
1883 HK,"CITIC Telecom International Holdings",operating,false,1883.HK,0,true,0,0,true,true,21,true,PARTIAL,no-past-quarters
7NX GR,"NEXON Co.",operating,false,7NX.F,0,true,0,0,true,true,21,true,PARTIAL,no-past-quarters
NFLX80 TB,"Netflix",operating,false,NFLX80.BK,0,true,0,4,true,true,21,true,PARTIAL,no-past-quarters
PSO US,"Pearson",operating,false,PSO,0,true,0,0,true,true,19,true,PARTIAL,no-past-quarters
000793 C1,"Huawen Media",operating,false,000793.SZ,1,true,1,1,true,true,22,true,OK,
W1BO34 BZ,"Weibo",operating,false,W1BO34.SA,0,true,0,4,true,true,20,true,PARTIAL,no-past-quarters
4772 JP,"SM ENTERTAINMENT JAPAN Co.,Ltd.",operating,false,4772.T,2,true,2,0,true,true,21,true,OK,
PSORF US,"Pearson",operating,false,PSORF,0,true,0,0,true,true,19,true,PARTIAL,no-past-quarters
601949 CH,"China Publishing & Media Holdings Co.",operating,false,601949.SS,0,true,0,0,true,true,22,true,PARTIAL,no-past-quarters
600373 CH,"Chinese Universe Publishing and Media Group Co.",operating,false,600373.SS,0,true,0,3,true,true,22,true,PARTIAL,no-past-quarters
MSGS US,"Madison Square Garden Sports",operating,false,MSGS,4,true,4,4,true,true,19,true,OK,
600757 CH,"Changjiang Publishing & Media Co.,Ltd",operating,false,600757.SS,0,true,0,0,true,true,22,true,PARTIAL,no-past-quarters
CAR AU,"CAR Group",operating,false,CAR.AX,0,true,0,0,true,true,22,true,PARTIAL,no-past-quarters
BIGTK TI,"Big Medya Teknoloji Anonim Sirketi",operating,false,BIGTK.IS,0,true,0,0,true,true,19,true,PARTIAL,no-past-quarters
002181 C1,"Guangdong Guangzhou Daily Media Co.",operating,false,002181.SZ,0,true,0,0,true,true,22,true,PARTIAL,no-past-quarters
6094 JP,"FreakOut Holdings",operating,false,6094.T,2,true,2,0,true,true,21,true,OK,
000917 C1,"Hunan TV & Broadcast Intermediary Co.",operating,false,000917.SZ,0,true,0,0,true,true,22,true,PARTIAL,no-past-quarters
600037 CH,"Beijing Gehua Catv Network Co.,Ltd.",operating,false,600037.SS,0,true,0,3,true,true,22,true,PARTIAL,no-past-quarters
6033 JP,"Extreme Co.,Ltd.",operating,false,6033.T,2,true,2,0,true,true,21,true,OK,
7NX0 GR,"NEXON Co.",operating,false,7NX0.F,0,true,0,0,true,true,20,true,PARTIAL,no-past-quarters
EVT AU,"EVT",operating,false,EVT.AX,0,true,0,0,true,true,22,true,PARTIAL,no-past-quarters
8487 TT,"ELTA Technology Co.,Ltd.",operating,false,8487.TW,2,true,2,1,true,true,22,true,OK,
1045 HK,"APT Satellite Holdings",operating,false,1045.HK,0,true,0,0,true,true,21,true,PARTIAL,no-past-quarters
SAX AV,"Ströer SE & Co. KGaA",operating,false,SAX.VI,0,true,0,4,true,true,20,true,PARTIAL,no-past-quarters
BX7 GR,"Proximus",operating,false,BX7.F,0,true,0,3,true,true,20,true,PARTIAL,no-past-quarters
PROX AV,"Proximus",operating,false,PROX.VI,0,true,0,3,true,true,20,true,PARTIAL,no-past-quarters
603721 CH,"TVZone Media Co.",operating,false,603721.SS,0,true,0,0,true,true,22,true,PARTIAL,no-past-quarters
BX70 GR,"Proximus",operating,false,BX70.MU,0,true,0,3,true,true,21,true,PARTIAL,no-past-quarters
VVUD GR,"Vivendi SE",operating,false,VVUD.F,0,true,0,0,true,true,21,true,PARTIAL,no-past-quarters
VVU GR,"Vivendi SE",operating,false,VVU.DE,0,true,0,0,true,true,20,true,PARTIAL,no-past-quarters
TVFCF US,"TF1",operating,false,TVFCF,0,true,0,2,false,false,19,true,PARTIAL,no-past-quarters|no-fundamentals
VIV AV,"Vivendi SE",operating,false,VIV.VI,0,true,0,0,true,true,20,true,PARTIAL,no-past-quarters
M5U GR,"Meitu",operating,false,M5U.F,0,true,0,0,true,true,21,true,PARTIAL,no-past-quarters
F2VR34 BZ,"Fiverr International",operating,false,F2VR34.SA,0,true,0,4,true,true,20,true,PARTIAL,no-past-quarters
NEWS LN,"Pathos Communications",operating,false,NEWS.L,0,true,0,0,true,true,20,true,PARTIAL,no-past-quarters
301231 C1,"Rongxin Education and Culture Industry Development Co.",operating,false,301231.SZ,0,true,0,0,true,true,22,true,PARTIAL,no-past-quarters
PARKEN DC,"PARKEN Sport & Entertainment A/S",operating,false,PARKEN.CO,0,true,0,0,true,true,20,true,PARTIAL,no-past-quarters
002858 C1,"Lisheng Sports (Shanghai) Co.,Ltd",operating,false,002858.SZ,0,true,0,0,true,true,22,true,PARTIAL,no-past-quarters
300295 C1,"Everyday Network Co.,Ltd.",operating,false,300295.SZ,1,true,1,1,true,true,22,true,OK,
0547 HK,"Digital Domain Holdings",operating,false,0547.HK,0,true,0,0,true,true,21,true,PARTIAL,no-past-quarters
TUALF US,"TUAS",operating,false,TUALF,0,true,0,0,true,true,19,true,PARTIAL,no-past-quarters
RPCE IT,"Rapac Energy",operating,false,RPCE.TA,0,true,0,0,false,false,10,true,PARTIAL,no-past-quarters|no-fundamentals
PRIM IT,"Prime Energy P.E.",operating,false,PRIM.TA,0,true,0,0,true,true,19,true,PARTIAL,no-past-quarters
ORSTED DC,"Ørsted A/S",operating,false,ORSTED.CO,4,true,4,3,true,true,20,true,OK,
0002 HK,"CLP Holdings",operating,false,0002.HK,0,true,0,0,true,true,21,true,PARTIAL,no-past-quarters
117580 KS,"Daesung Energy Co.",operating,false,117580.KS,0,true,0,0,true,true,21,true,PARTIAL,no-past-quarters
NEE US,"NextEra Energy",operating,false,NEE,4,true,4,4,true,true,20,true,OK,
600025 CH,"Huaneng Lancang River Hydropower",operating,false,600025.SS,0,true,0,4,true,true,22,true,PARTIAL,no-past-quarters
601985 CH,"China National Nuclear Power Co.",operating,false,601985.SS,0,true,0,3,true,true,22,true,PARTIAL,no-past-quarters
TRIG LN,"The Renewables Infrastructure Group",operating,false,TRIG.L,0,true,0,0,true,false,21,true,PARTIAL,no-past-quarters
600930 CH,"Huadian New Energy Group Corporation",operating,false,600930.SS,0,true,0,0,true,true,22,true,PARTIAL,no-past-quarters
INDIGRID IN,"Indigrid Infrastructure Trust",operating,false,INDIGRID.BO,0,true,0,3,true,true,21,true,PARTIAL,no-past-quarters
CLEANMAX IN,"CLEAN MAX ENVIRO EN SOL L",operating,false,CLEANMAX.NS,0,true,0,0,true,true,21,true,PARTIAL,no-past-quarters
1NEE IM,"NextEra Energy",operating,false,1NEE.MI,0,true,0,4,true,true,20,true,PARTIAL,no-past-quarters
FP3 GR,"NextEra Energy",operating,false,FP3.F,0,true,0,4,true,true,21,true,PARTIAL,no-past-quarters
NEE AV,"NextEra Energy",operating,false,NEE.VI,0,true,0,4,true,true,20,true,PARTIAL,no-past-quarters
1038 HK,"CK Infrastructure Holdings",operating,false,1038.HK,0,true,0,0,true,true,21,true,PARTIAL,no-past-quarters
D1TE34 BZ,"DTE Energy",operating,false,D1TE34.SA,0,true,0,4,true,true,20,true,PARTIAL,no-past-quarters
FP31 GR,"NextEra Energy",operating,false,FP31.F,0,true,0,4,true,true,21,true,PARTIAL,no-past-quarters
GPSC-R TB,"Global Power Synergy Public Company",operating,false,GPSC-R.BK,0,true,0,3,true,true,21,true,PARTIAL,no-past-quarters
GPSC TB,"Global Power Synergy Public Company",operating,false,GPSC.BK,4,true,4,3,true,true,21,true,OK,
N1RG34 BZ,"NRG Energy",operating,false,N1RG34.SA,0,true,0,4,true,true,20,true,PARTIAL,no-past-quarters
APAJF US,"APA",operating,false,APAJF,0,true,0,0,true,true,19,true,PARTIAL,no-past-quarters
CPYYY US,"Centrica",operating,false,CPYYY,0,true,0,0,true,true,19,true,PARTIAL,no-past-quarters
CPYYF US,"Centrica",operating,false,CPYYF,0,true,0,0,true,true,19,true,PARTIAL,no-past-quarters
1811 HK,"CGN New Energy Holdings Co.",operating,false,1811.HK,0,true,0,0,true,true,21,true,PARTIAL,no-past-quarters
A2A GR,"Essential Utilities",operating,false,A2A.F,0,true,0,4,true,true,21,true,PARTIAL,no-past-quarters
SPCG-R TB,"SPCG Public Company",operating,false,SPCG-R.BK,0,true,0,0,true,true,21,true,PARTIAL,no-past-quarters
SPCG TB,"SPCG Public Company",operating,false,SPCG.BK,0,true,0,0,true,true,21,true,PARTIAL,no-past-quarters
AYEN TI,"Ayen Enerji A.S.",operating,false,AYEN.IS,0,true,0,0,true,true,19,true,PARTIAL,no-past-quarters
RDEIY US,"Redeia Corporación, S.A.",operating,false,RDEIY,0,true,0,3,true,true,19,true,PARTIAL,no-past-quarters
GQI GR,"GAIL (India)",operating,false,GQI.F,0,true,0,3,true,true,20,true,PARTIAL,no-past-quarters
EQUEY US,"Equatorial S.A.",operating,false,EQUEY,0,true,0,4,true,true,19,true,PARTIAL,no-past-quarters
U96 SP,"Sembcorp Industries",operating,false,U96.SI,4,true,4,0,true,true,22,true,OK,
AESC AV,"The AES",operating,false,AESC.VI,0,true,0,4,true,true,20,true,PARTIAL,no-past-quarters
CUD GR,"Canadian Utilities",operating,false,CUD.F,0,true,0,4,true,true,21,true,PARTIAL,no-past-quarters
MERVF US,"",operating,false,MERVF,0,true,0,4,false,false,19,true,PARTIAL,no-past-quarters|no-fundamentals
CIG-C US,"Companhia Energética de Minas Gerais - CEMIG",operating,false,CIG-C,0,true,0,3,true,true,19,true,PARTIAL,no-past-quarters
AES GR,"The AES",operating,false,AES.F,0,true,0,4,true,true,21,true,PARTIAL,no-past-quarters
1798 HK,"China Datang Corporation Renewable Power Co.",operating,false,1798.HK,1,true,1,0,true,true,21,true,OK,
6869 TT,"J&V Energy Technology Co.",operating,false,6869.TW,4,true,4,3,true,true,22,true,OK,
BIOEN TI,"Biotrend Cevre ve Enerji Yatirimlari A.S.",operating,false,BIOEN.IS,1,true,1,4,true,true,19,true,OK,
9926 TT,"Shin Hai Gas",operating,false,9926.TW,0,true,0,0,true,true,22,true,PARTIAL,no-past-quarters
BKWAF US,"BKW",operating,false,BKWAF,0,true,0,0,true,true,19,true,PARTIAL,no-past-quarters
AILLN US,"Ameren Illinois",operating,false,AILLN,0,true,0,0,true,true,20,true,PARTIAL,no-past-quarters
MVV1 GR,"MVV Energie",operating,false,MVV1.F,0,true,0,0,true,true,21,true,PARTIAL,no-past-quarters
CONSE TI,"Consus Enerji Isletmeciligi ve Hizmetleri A.S.",operating,false,CONSE.IS,0,true,0,0,true,true,19,true,PARTIAL,no-past-quarters
688156 CH,"Road Biology Environmental Protection Technology Co.",operating,false,688156.SS,0,true,0,0,true,true,22,true,PARTIAL,no-past-quarters
000692 C1,"Shenyang Huitian Thermal Power Co.,Ltd",operating,false,000692.SZ,0,true,0,0,true,true,22,true,PARTIAL,no-past-quarters
1713 HK,"Sichuan Energy Investment Development Co.",operating,false,1713.HK,0,true,0,0,true,true,21,true,PARTIAL,no-past-quarters
AILIM US,"Ameren Illinois",operating,false,AILIM,0,true,0,0,true,true,19,true,PARTIAL,no-past-quarters
ENEFI HB,"ENEFI Vagyonkezelo Nyrt.",operating,false,ENEFI.BD,1,true,1,0,true,true,20,true,OK,
LIGT3 BZ,"Light S.A.",operating,false,LIGT3.SA,0,true,0,4,true,true,20,true,PARTIAL,no-past-quarters
EPP LN,"EnergyPathways",operating,false,EPP.L,0,true,0,0,false,true,20,true,PARTIAL,no-past-quarters
688096 CH,"Jiangsu Jingyuan Environmental Protection Co.,Ltd.",operating,false,688096.SS,0,true,0,0,true,true,22,true,PARTIAL,no-past-quarters
7JU GR,"ReNew Energy Global",operating,false,7JU.F,0,true,0,3,true,true,20,true,PARTIAL,no-past-quarters
ECGF GR,"Electricity Generating Public Company",operating,false,ECGF.F,0,true,0,4,true,true,21,true,PARTIAL,no-past-quarters
0686 HK,"Beijing Energy International Holding Co.",operating,false,0686.HK,0,true,0,0,true,true,21,true,PARTIAL,no-past-quarters
WP-R TB,"WP Energy Public Company",operating,false,WP-R.BK,0,true,0,0,true,true,21,true,PARTIAL,no-past-quarters
WP TB,"WP Energy Public Company",operating,false,WP.BK,0,true,0,0,true,true,21,true,PARTIAL,no-past-quarters
EYGPF US,"Electricity Generating Public Company",operating,false,EYGPF,0,true,0,4,true,true,19,true,PARTIAL,no-past-quarters
000605 C1,"Bohai Water Industry Co.,Ltd",operating,false,000605.SZ,0,true,0,0,true,true,22,true,PARTIAL,no-past-quarters
WWG GR,"Gelsenwasser",operating,false,WWG.F,0,true,0,0,true,true,21,true,PARTIAL,no-past-quarters
0V60 GR,"Vistra",operating,false,0V60.F,0,true,0,4,true,true,21,true,PARTIAL,no-past-quarters
NPNGY US,"Nippon Gas Co.",operating,false,NPNGY,0,true,0,0,true,true,19,true,PARTIAL,no-past-quarters
EN2 GR,"Energa",operating,false,EN2.F,0,true,0,4,false,true,21,true,PARTIAL,no-past-quarters
MWTCY US,"Manila Water Company",operating,false,MWTCY,0,true,0,2,true,true,19,true,PARTIAL,no-past-quarters
NJ9 GR,"PT Pertamina Geothermal Energy Tbk",operating,false,NJ9.F,0,true,0,3,true,true,20,true,PARTIAL,no-past-quarters
AILIN US,"Ameren Illinois",operating,false,AILIN,0,true,0,0,true,true,19,true,PARTIAL,no-past-quarters
PUDP IJ,"PT Pudjiadi Prestige Tbk",operating,false,PUDP.JK,0,true,0,0,true,true,22,true,PARTIAL,no-past-quarters
088260 KS,"E Kocref Cr-Reit",operating,false,088260.KS,0,true,0,1,false,false,21,true,PARTIAL,no-past-quarters|no-fundamentals
PAMG IJ,"PT Bima Sakti Pertiwi Tbk",operating,false,PAMG.JK,0,true,0,0,true,true,22,true,PARTIAL,no-past-quarters
HMSO LN,"Hammerson",operating,false,HMSO.L,0,true,0,0,true,true,20,true,PARTIAL,no-past-quarters
CRSR IT,"Carasso Real Estate",operating,false,CRSR.TA,0,true,0,0,true,true,19,true,PARTIAL,no-past-quarters
I1RM34 BZ,"Iron Mountain Incorporated",operating,false,I1RM34.SA,0,true,0,4,true,true,20,true,PARTIAL,no-past-quarters
SCD SJ,"Schroder European Real Estate Investment Trust",operating,false,SCD.JO,0,true,0,0,true,false,20,true,PARTIAL,no-past-quarters
OAS SJ,"Oasis Crescent Property Fund",operating,false,OAS.JO,0,true,0,0,true,true,20,true,PARTIAL,no-past-quarters
334890 KS,"IGIS Value Plus REIT Co.",operating,false,334890.KS,0,true,0,0,false,false,21,true,PARTIAL,no-past-quarters|no-fundamentals
8957 JP,"Tokyu REIT",operating,false,8957.T,0,true,0,0,true,true,21,true,PARTIAL,no-past-quarters
3480 JP,"J.S.B.Co.,Ltd.",operating,false,3480.T,2,true,2,0,true,true,21,true,OK,
IWG LN,"International Workplace Group",operating,false,IWG.L,0,true,0,0,true,true,20,true,PARTIAL,no-past-quarters
013120 KS,"DongWon Development Co.,Ltd.",operating,false,013120.KQ,0,true,0,2,true,true,21,true,PARTIAL,no-past-quarters
8987 JP,"Japan Excellent",operating,false,8987.T,0,true,0,0,true,true,21,true,PARTIAL,no-past-quarters
3481 JP,"Mitsubishi Estate Logistics REIT Investment",operating,false,3481.T,0,true,0,0,true,true,21,true,PARTIAL,no-past-quarters
377190 KS,"D&D platform REIT Co.",operating,false,377190.KS,0,true,0,0,false,false,21,true,PARTIAL,no-past-quarters|no-fundamentals
8966 JP,"Heiwa Real Estate REIT",operating,false,8966.T,0,true,0,0,true,true,21,true,PARTIAL,no-past-quarters
034810 KS,"Haesung Industrial Co.",operating,false,034810.KQ,0,true,0,0,true,true,21,true,PARTIAL,no-past-quarters
RBMS IJ,"PT Ristia Bintang Mahkotasejati Tbk",operating,false,RBMS.JK,0,true,0,0,true,true,22,true,PARTIAL,no-past-quarters
WELL US,"Welltower",operating,false,WELL,4,true,4,3,true,true,19,true,OK,
BRIGADE IN,"Brigade Enterprises",operating,false,BRIGADE.BO,4,true,4,3,true,true,21,true,OK,
BYG LN,"Big Yellow Group",operating,false,BYG.L,0,true,0,0,true,true,20,true,PARTIAL,no-past-quarters
INETREIT TB,"INET Freehold and Leasehold Real Estate Investment Trust",operating,false,INETREIT.BK,3,true,3,4,true,false,21,true,OK,
CLILF US,"CapitaLand Investment",operating,false,CLILF,0,true,0,0,true,true,19,true,PARTIAL,no-past-quarters
600383 CH,"Gemdale",operating,false,600383.SS,0,true,0,3,true,true,22,true,PARTIAL,no-past-quarters
AIMIRT TB,"AIM Industrial Growth Freehold and Leasehold Real Estate Investment Trust",operating,false,AIMIRT.BK,0,true,0,3,true,false,21,true,PARTIAL,no-past-quarters
BRX US,"Brixmor Property Group",operating,false,BRX,4,true,4,3,true,true,19,true,OK,
1CSGP IM,"CoStar",operating,false,1CSGP.MI,0,true,0,4,true,true,20,true,PARTIAL,no-past-quarters
0778 HK,"Fortune Real Estate Investment Trust",operating,false,0778.HK,0,true,0,0,true,false,21,true,PARTIAL,no-past-quarters
AAGYO TI,"Agaoglu Avrasya Gayrimenkul Yatirim Ortakligi Anonim Sirketi",operating,false,AAGYO.IS,0,true,0,0,true,true,19,true,PARTIAL,no-past-quarters
600773 CH,"Tibet Urban Development and Investment Co.,LTD",operating,false,600773.SS,0,true,0,0,true,true,22,true,PARTIAL,no-past-quarters
VINTE MM,"Vinte Viviendas Integrales, S.A.B. de C.V.",operating,false,VINTE.MX,4,true,4,4,true,true,20,true,OK,
VNO-PM US,"Vornado Realty Trust",operating,false,VNO-PM,0,true,0,4,true,true,19,true,PARTIAL,no-past-quarters
ADC US,"Agree Realty",operating,false,ADC,4,true,4,4,true,true,19,true,OK,
RLG GR,"CoStar Group",operating,false,RLG.F,0,true,0,4,true,true,21,true,PARTIAL,no-past-quarters
1783 JP,"Fantasista Co.",operating,false,1783.T,2,true,2,0,true,true,21,true,OK,
VNO-PL US,"Vornado Realty Trust",operating,false,VNO-PL,0,true,0,4,true,true,19,true,PARTIAL,no-past-quarters
SFRN IT,"Sufrin Holdings",operating,false,SFRN.TA,0,true,0,0,false,false,19,true,PARTIAL,no-past-quarters|no-fundamentals
6666 HK,"Evergrande Property Services Group",operating,false,6666.HK,0,true,0,0,true,true,21,true,PARTIAL,no-past-quarters
2528 TT,"Crowell Development",operating,false,2528.TW,3,true,3,3,true,true,22,true,OK,
GPT AU,"The GPT",operating,false,GPT.AX,0,true,0,0,true,true,22,true,PARTIAL,no-past-quarters
CUBE US,"CubeSmart",operating,false,CUBE,4,true,4,4,true,true,19,true,OK,
MRL SM,"MERLIN Properties SOCIMI, S.A.",operating,false,MRL.MC,4,true,4,3,true,true,20,true,OK,
MERL AV,"MERLIN Properties SOCIMI, S.A.",operating,false,MERL.VI,0,true,0,3,true,true,20,true,PARTIAL,no-past-quarters
ACDSF US,"CapitaLand Ascendas REIT",operating,false,ACDSF,0,true,0,3,true,false,19,true,PARTIAL,no-past-quarters
9A4U SP,"ESR REIT",operating,false,9A4U.SI,0,true,0,4,true,false,22,true,PARTIAL,no-past-quarters
CCS US,"Century Communities",operating,false,CCS,4,true,4,4,true,true,19,true,OK,
LAVV3 BZ,"Lavvi Empreendimentos Imobiliários S.A.",operating,false,LAVV3.SA,4,true,4,4,true,true,20,true,OK,
8C8U SP,"Centurion Accommodation REIT",operating,false,8C8U.SI,0,true,0,0,true,false,22,true,PARTIAL,no-past-quarters
XHR US,"Xenia Hotels & Resorts",operating,false,XHR,4,true,4,4,true,true,19,true,OK,
IREN SW,"Investis Holding",operating,false,IREN.SW,0,true,0,0,true,true,20,true,PARTIAL,no-past-quarters
RAINBOWF IN,"Rainbow Foundations",operating,false,RAINBOWF.BO,0,true,0,0,true,true,21,true,PARTIAL,no-past-quarters
3F5 GR,"China Jinmao Holdings Group",operating,false,3F5.F,0,true,0,0,true,true,21,true,PARTIAL,no-past-quarters
A1IV34 BZ,"Apartment Investment and Management",operating,false,A1IV34.SA,0,true,0,1,true,true,20,true,PARTIAL,no-past-quarters
ARG FP,"Argan",operating,false,ARG.PA,0,true,0,0,true,true,20,true,PARTIAL,no-past-quarters
75H GR,"Country Garden Services Holdings Company",operating,false,75H.F,0,true,0,0,true,true,21,true,PARTIAL,no-past-quarters
PMREF US,"Primaris Real Estate Investment Trust",operating,false,PMREF,0,true,0,3,true,true,19,true,PARTIAL,no-past-quarters
SPRIME TB,"S Prime Growth Leasehold Real Estate Investment Trust",operating,false,SPRIME.BK,0,true,0,0,true,false,21,true,PARTIAL,no-past-quarters
GRFFF US,"Fibra Danhos",operating,false,GRFFF,0,true,0,2,true,true,19,true,PARTIAL,no-past-quarters
BRI-R TB,"Britania Public Company",operating,false,BRI-R.BK,0,true,0,4,true,true,21,true,PARTIAL,no-past-quarters
BRI TB,"Britania Public Company",operating,false,BRI.BK,0,true,0,4,true,true,21,true,PARTIAL,no-past-quarters
MJLF TB,"Major Cineplex Lifestyle Leasehold Property Fund.",operating,false,MJLF.BK,0,true,0,0,true,false,21,true,PARTIAL,no-past-quarters
JYEU SP,"Lendlease Global Commercial REIT",operating,false,JYEU.SI,0,true,0,0,true,true,22,true,PARTIAL,no-past-quarters
0105 HK,"Associated International Hotels",operating,false,0105.HK,0,true,0,0,true,true,20,true,PARTIAL,no-past-quarters
SMA US,"SmartStop Self Storage REIT",operating,false,SMA,4,true,4,4,true,true,19,true,OK,
1DZ0 GR,"Intea Fastigheter AB (publ)",operating,false,1DZ0.F,0,true,0,3,false,true,20,true,PARTIAL,no-past-quarters
UF2 GR,"Sunstone Hotel Investors",operating,false,UF2.F,0,true,0,4,true,true,21,true,PARTIAL,no-past-quarters
PVBI11 BZ,"Fundo De Investimento ImobiliarRio Vbi Prime Properties",operating,false,PVBI11.SA,0,true,0,0,false,false,20,true,PARTIAL,no-past-quarters|no-fundamentals
871 GR,"Argan",operating,false,871.F,0,true,0,0,true,true,21,true,PARTIAL,no-past-quarters
089980 KS,"Sang-A Frontec Co.,Ltd.",operating,false,089980.KQ,2,true,2,4,true,true,21,true,OK,
6736 JP,"Sun",operating,false,6736.T,2,true,2,0,true,true,21,true,OK,
2476 HK,"VGT",operating,false,2476.HK,0,true,0,3,true,true,21,true,PARTIAL,no-past-quarters
HUBS MM,"HubSpot",operating,false,HUBS.MX,0,true,0,4,true,true,20,true,PARTIAL,no-past-quarters
452430 KS,"Sapien Semiconductors",operating,false,452430.KQ,2,true,2,4,true,true,21,true,OK,
6740 JP,"Japan Display",operating,false,6740.T,2,true,2,0,true,true,21,true,OK,
095500 KS,"MNtech Co.",operating,false,095500.KQ,0,true,0,0,false,false,21,true,PARTIAL,no-past-quarters|no-fundamentals
SMTC MM,"Semtech",operating,false,SMTC.MX,0,true,0,4,true,true,20,true,PARTIAL,no-past-quarters
417840 KS,"Justem Co.",operating,false,417840.KQ,0,true,0,2,true,true,21,true,PARTIAL,no-past-quarters
073490 KS,"LIG Accuver Co.",operating,false,073490.KQ,1,true,1,4,false,false,21,true,PARTIAL,no-fundamentals
094360 KS,"Chips&Media",operating,false,094360.KQ,2,true,2,4,false,false,21,true,PARTIAL,no-fundamentals
002938 C1,"Avary Holding(Shenzhen)Co.",operating,false,002938.SZ,4,true,4,3,true,true,22,true,OK,
6777 JP,"santec Holdings",operating,false,6777.T,2,true,2,0,true,true,21,true,OK,
445090 KS,"ASICLAND",operating,false,445090.KQ,0,true,0,0,true,true,21,true,PARTIAL,no-past-quarters
300408 C1,"Chaozhou Three-Circle (Group) Co.,Ltd.",operating,false,300408.SZ,4,true,4,3,true,true,22,true,OK,
069540 KS,"Lightron Fiber-Optic Devices",operating,false,069540.KQ,0,true,0,0,true,true,21,true,PARTIAL,no-past-quarters
389500 KS,"Sbb Tech Co.,Ltd",operating,false,389500.KQ,0,true,0,0,true,true,21,true,PARTIAL,no-past-quarters
6769 JP,"THine Electronics",operating,false,6769.T,2,true,2,0,true,true,21,true,OK,
SOLEX IN,"SOLEX ENERGY",operating,false,SOLEX.NS,0,true,0,0,true,true,21,true,PARTIAL,no-past-quarters
301678 C1,"HENGHUI Technology Corporation",operating,false,301678.SZ,0,true,0,0,true,true,22,true,PARTIAL,no-past-quarters
XAR LN,"Xaar",operating,false,XAR.L,0,true,0,0,true,true,20,true,PARTIAL,no-past-quarters
1392 HK,"HQVT",operating,false,1392.HK,0,true,0,0,true,true,21,true,PARTIAL,no-past-quarters
300224 C1,"Yantai Zhenghai Magnetic Material Co.",operating,false,300224.SZ,0,true,0,0,true,true,22,true,PARTIAL,no-past-quarters
IT US,"Gartner",operating,false,IT,4,true,4,4,true,true,19,true,OK,
300303 C1,"Shenzhen Jufei Optoelectronics Co.",operating,false,300303.SZ,0,true,0,1,true,true,22,true,PARTIAL,no-past-quarters
FROG US,"JFrog",operating,false,FROG,4,true,4,4,true,true,20,true,OK,
PTX1 GR,"Palantir Technologies",operating,false,PTX1.F,0,true,0,4,true,true,21,true,PARTIAL,no-past-quarters
1IDR IM,"Indra Sistemas, S.A.",operating,false,1IDR.MI,0,true,0,3,true,true,20,true,PARTIAL,no-past-quarters
4192 JP,"SpiderPlus &",operating,false,4192.T,2,true,2,0,true,true,21,true,OK,
PDFS US,"PDF Solutions",operating,false,PDFS,4,true,4,4,true,true,19,true,OK,
4416 JP,"True Data",operating,false,4416.T,2,true,2,0,true,true,21,true,OK,
2166 HK,"Smart-Core Holdings",operating,false,2166.HK,0,true,0,0,true,true,21,true,PARTIAL,no-past-quarters
6552 TT,"JMC Electronics Co.",operating,false,6552.TW,4,true,4,4,true,true,22,true,OK,
XIM GR,"LiveRamp Holdings",operating,false,XIM.F,0,true,0,4,true,true,21,true,PARTIAL,no-past-quarters
6152 TT,"Prime Electronics & Satellitics",operating,false,6152.TW,4,true,4,0,true,true,22,true,OK,
002848 C1,"Gospell Digital Technology Co.",operating,false,002848.SZ,1,true,1,1,true,true,22,true,OK,
7KN GR,"Intapp",operating,false,7KN.F,0,true,0,4,true,true,21,true,PARTIAL,no-past-quarters
550A JP,"SOFTTEX CO",operating,false,550A.T,0,true,0,0,false,false,21,true,PARTIAL,no-past-quarters|no-fundamentals
4370 JP,"Mobilus",operating,false,4370.T,2,true,2,0,true,true,21,true,OK,
2431 HK,"Minieye Technology Co.",operating,false,2431.HK,0,true,0,0,true,true,21,true,PARTIAL,no-past-quarters
561 GR,"IQM Quantum Computers Oyj",operating,false,561.F,0,true,0,0,true,true,14,true,PARTIAL,no-past-quarters
002963 C1,"Haoersai Technology Group Corp.",operating,false,002963.SZ,0,true,0,0,true,true,22,true,PARTIAL,no-past-quarters
KARO US,"Karooooo",operating,false,KARO,4,true,4,4,true,true,19,true,OK,
001340 KS,"Paikkwang Industrial Co.,Ltd",operating,false,001340.KS,2,true,2,4,true,true,21,true,OK,
017860 KS,"DS DANSUK CO.",operating,false,017860.KS,0,true,0,0,true,true,21,true,PARTIAL,no-past-quarters
005010 KS,"Husteel Co.",operating,false,005010.KS,1,true,1,0,true,true,21,true,OK,
018310 KS,"Sammok S-Form Co.,Ltd",operating,false,018310.KQ,0,true,0,0,true,true,21,true,PARTIAL,no-past-quarters
I1CE34 BZ,"Intercontinental Exchange",operating,false,I1CE34.SA,0,true,0,4,true,true,20,true,PARTIAL,no-past-quarters
4617 JP,"Chugoku Marine Paints",operating,false,4617.T,2,true,2,0,true,true,21,true,OK,
1101 TT,"TCC Group Holdings Co.",operating,false,1101.TW,4,true,4,4,true,true,22,true,OK,
2034 TT,"YC Inox Co.,Ltd",operating,false,2034.TW,4,true,4,3,true,true,22,true,OK,
SUDARSHAN IN,"Sudarshan Pharma Industries",operating,false,SUDARSHAN.BO,0,true,0,0,true,true,21,true,PARTIAL,no-past-quarters
002842 C1,"Guangdong Xianglu Tungsten Co.",operating,false,002842.SZ,0,true,0,0,true,true,22,true,PARTIAL,no-past-quarters
IMPUF US,"Impala Platinum Holdings",operating,false,IMPUF,0,true,0,0,true,true,19,true,PARTIAL,no-past-quarters
600367 CH,"Guizhou RedStar Developing Co.,Ltd.",operating,false,600367.SS,0,true,0,0,true,true,22,true,PARTIAL,no-past-quarters
CSC AU,"CAPSTONE CDI 1:1 [CSC]",operating,false,CSC.AX,4,true,4,3,true,true,22,true,OK,
KMPUR TI,"Kimteks Poliüretan Sanayi ve Ticaret A.S.",operating,false,KMPUR.IS,0,true,0,4,true,true,19,true,PARTIAL,no-past-quarters
002254 C1,"Tayho Advanced Materials Group Co.",operating,false,002254.SZ,4,true,4,3,true,true,22,true,OK,
002549 C1,"Hunan Kaimeite Gases Co.",operating,false,002549.SZ,0,true,0,0,true,true,22,true,PARTIAL,no-past-quarters
PILBF US,"PLS Group",operating,false,PILBF,0,true,0,0,true,true,19,true,PARTIAL,no-past-quarters
002324 C1,"Shanghai Pret Composites Co.",operating,false,002324.SZ,0,true,0,4,true,true,22,true,PARTIAL,no-past-quarters
W25 GR,"West African Resources",operating,false,W25.F,0,true,0,0,true,true,21,true,PARTIAL,no-past-quarters
9DC GR,"Daicel",operating,false,9DC.SG,0,true,0,0,true,true,21,true,PARTIAL,no-past-quarters
NM5 GR,"Nickel Industries",operating,false,NM5.F,0,true,0,0,true,true,21,true,PARTIAL,no-past-quarters
SICAGEN IN,"Sicagen India",operating,false,SICAGEN.NS,1,true,1,0,true,true,21,true,OK,
3636 HK,"Yunnan Jinxun Resources Co",operating,false,3636.HK,0,true,0,0,true,true,21,true,PARTIAL,no-past-quarters
NCML IN,"Nilachal Carbo Metalicks",operating,false,NCML.BO,0,true,0,0,true,true,21,true,PARTIAL,no-past-quarters
600188 CH,"Yankuang Energy Group Company",operating,false,600188.SS,0,true,0,4,true,true,22,true,PARTIAL,no-past-quarters
PC6 GR,"PetroChina Company",operating,false,PC6.F,0,true,0,3,true,true,21,true,PARTIAL,no-past-quarters
SUBCY US,"Subsea 7 S.A.",operating,false,SUBCY,2,true,2,4,true,true,19,true,OK,
ALD AU,"Ampol",operating,false,ALD.AX,0,true,0,0,true,true,22,true,PARTIAL,no-past-quarters
300191 C1,"Sino Geophysical Co.",operating,false,300191.SZ,0,true,0,0,true,true,22,true,PARTIAL,no-past-quarters
MATD LN,"Petro Matad",operating,false,MATD.L,0,true,0,0,true,true,20,true,PARTIAL,no-past-quarters
OD3 GR,"Odfjell Drilling",operating,false,OD3.F,0,true,0,3,true,true,21,true,PARTIAL,no-past-quarters
KEL CN,"Kelt Exploration",operating,false,KEL.TO,4,true,4,4,true,true,19,true,OK,
CJ CN,"Cardinal Energy",operating,false,CJ.TO,3,true,3,4,true,true,19,true,OK,
VBO GR,"CGN Mining Company",operating,false,VBO.F,0,true,0,0,true,true,21,true,PARTIAL,no-past-quarters
2302 HK,"CNNC International",operating,false,2302.HK,0,true,0,0,true,true,21,true,PARTIAL,no-past-quarters
PRS NO,"Prosafe SE",operating,false,PRS.OL,4,true,4,4,true,true,20,true,OK,
YLLXF US,"Yellow Cake",operating,false,YLLXF,0,true,0,0,true,false,19,true,PARTIAL,no-past-quarters
494 GR,"Predictive Discovery",developer,false,494.F,0,true,0,0,false,true,21,true,PARTIAL,no-past-quarters
CMCX LN,"CMC Markets",operating,false,CMCX.L,0,true,0,0,true,false,20,true,PARTIAL,no-past-quarters
8600 JP,"TOMONY Holdings",operating,false,8600.T,2,true,2,0,true,false,21,true,OK,
JAM LN,"JPMorgan American Investment Trust",operating,false,JAM.L,0,true,0,0,true,false,21,true,PARTIAL,no-past-quarters
601066 CH,"CSC Financial Co.",operating,false,601066.SS,0,true,0,3,true,false,22,true,PARTIAL,no-past-quarters
064850 KS,"FnGuide",operating,false,064850.KQ,1,true,1,1,true,true,21,true,OK,
000540 KS,"Heungkuk Fire&Marine Insurance Co.",operating,false,000540.KS,0,true,0,1,true,true,21,true,PARTIAL,no-past-quarters
030210 KS,"Daol Investment & Securities Co.",operating,false,030210.KS,0,true,0,4,true,false,21,true,PARTIAL,no-past-quarters
ZION US,"Zions Bancorporation, National Association",operating,false,ZION,4,true,4,3,true,false,19,true,OK,
CBR GR,"The Chiba Bank",operating,false,CBR.F,0,true,0,4,true,false,21,true,PARTIAL,no-past-quarters
NSI LN,"New Star Investment Trust",operating,false,NSI.L,0,true,0,0,true,false,21,true,PARTIAL,no-past-quarters
KALIND IN,"Kalind",operating,false,KALIND.BO,0,true,0,0,true,true,21,true,PARTIAL,no-past-quarters
CS0 GR,"CSC Financial Co.",operating,false,CS0.F,0,true,0,0,true,false,21,true,PARTIAL,no-past-quarters
FKKFY US,"Fukuoka Financial Group",operating,false,FKKFY,0,true,0,0,true,false,19,true,PARTIAL,no-past-quarters
DFY CN,"Definity Financial",operating,false,DFY.TO,4,true,4,4,true,true,19,true,OK,
GOT LN,"Global Opportunities Trust",operating,false,GOT.L,0,true,0,0,true,false,21,true,PARTIAL,no-past-quarters
AMG US,"Affiliated Managers Group",operating,false,AMG,4,true,4,4,true,true,19,true,OK,
NVAK GR,"Thanachart Capital Public Company",operating,false,NVAK.F,0,true,0,4,true,false,21,true,PARTIAL,no-past-quarters
2GN GR,"Guangzhou Rural Commercial Bank Co.",operating,false,2GN.F,0,true,0,0,true,false,21,true,PARTIAL,no-past-quarters
AEET LN,"Parvus Energy Efficiency Trust",operating,false,AEET.L,0,true,0,0,true,false,21,true,PARTIAL,no-past-quarters
AMPL IN,"AMPL Capital",operating,false,AMPL.BO,0,true,0,0,true,false,21,true,PARTIAL,no-past-quarters
3KD GR,"Merchants Bancorp",operating,false,3KD.F,0,true,0,4,true,false,20,true,PARTIAL,no-past-quarters
OFP GR,"OFG Bancorp",operating,false,OFP.F,0,true,0,3,true,false,21,true,PARTIAL,no-past-quarters
LCSHY US,"Lancashire Holdings",operating,false,LCSHY,0,true,0,1,true,true,19,true,PARTIAL,no-past-quarters
353810 KS,"EASY BIO,Inc.",operating,false,353810.KQ,0,true,0,4,false,false,21,true,PARTIAL,no-past-quarters|no-fundamentals
304360 KS,"S.Biomedics Co.",operating,false,304360.KQ,0,true,0,0,true,true,21,true,PARTIAL,no-past-quarters
318060 KS,"Graphy",operating,false,318060.KQ,1,true,1,2,true,true,21,true,OK,
144510 KS,"GC Cell",operating,false,144510.KQ,2,true,2,1,true,true,21,true,OK,
071200 KS,"INFINITT Healthcare Co.",operating,false,071200.KQ,0,true,0,0,false,false,21,true,PARTIAL,no-past-quarters|no-fundamentals
ABVX FP,"ABIVAX Société Anonyme",operating,false,ABVX.PA,2,true,2,4,true,true,20,true,OK,
CVGU GR,"CSPC Pharmaceutical Group",operating,false,CVGU.F,0,true,0,0,true,true,21,true,PARTIAL,no-past-quarters
BTL GR,"Baxter International",operating,false,BTL.F,0,true,0,4,true,true,20,true,PARTIAL,no-past-quarters
194A JP,"WOLVES HAND CO",operating,false,194A.T,2,true,2,0,true,true,21,true,OK,
ABVX AV,"ABIVAX Société Anonyme",operating,false,ABVX.VI,0,true,0,4,true,true,20,true,PARTIAL,no-past-quarters
CORT US,"Corcept Therapeutics Incorporated",operating,false,CORT,4,true,4,4,true,true,19,true,OK,
KOPRAN IN,"Kopran",operating,false,KOPRAN.BO,2,true,2,2,true,true,21,true,OK,
300595 C1,"Autek China",operating,false,300595.SZ,4,true,4,3,true,true,22,true,OK,
SGRY US,"Surgery Partners",operating,false,SGRY,4,true,4,4,true,true,19,true,OK,
6L8 GR,"Pulse Biosciences",operating,false,6L8.F,0,true,0,4,true,true,21,true,PARTIAL,no-past-quarters
NVCR US,"NovoCure",operating,false,NVCR,4,true,4,4,true,true,19,true,OK,
ADMA US,"ADMA Biologics",operating,false,ADMA,4,true,4,4,true,true,19,true,OK,
1IOVA IM,"IOVANCE BIOTHERAPEUTICS",operating,false,1IOVA.MI,0,true,0,4,true,true,20,true,PARTIAL,no-past-quarters
6609 HK,"Shanghai HeartCare Medical Technology Corporation",operating,false,6609.HK,0,true,0,0,true,true,21,true,PARTIAL,no-past-quarters
IDRSF US,"Idorsia",operating,false,IDRSF,0,true,0,3,true,true,19,true,PARTIAL,no-past-quarters
PGEN US,"Precigen",operating,false,PGEN,4,true,4,4,true,true,19,true,OK,
RTEZ US,"REST EZ",operating,false,RTEZ,0,true,0,0,false,false,19,true,PARTIAL,no-past-quarters|no-fundamentals
7004 JP,"Kanadevia",operating,false,7004.T,2,true,2,0,true,true,21,true,OK,
028100 KS,"Dong-Ah Geological Engineering Company",operating,false,028100.KS,0,true,0,1,true,true,21,true,PARTIAL,no-past-quarters
004365 KS,"Sebang Co.",operating,false,004365.KS,0,true,0,0,true,true,21,true,PARTIAL,no-past-quarters
U1AL34 BZ,"United Airlines Holdings",operating,false,U1AL34.SA,0,true,0,4,true,true,20,true,PARTIAL,no-past-quarters
0008Z0 KS,"S&SYS",operating,false,0008Z0.KQ,1,true,1,2,true,true,21,true,OK,
290690 KS,"Solux Co.",operating,false,290690.KQ,1,true,1,1,true,true,21,true,OK,
378340 KS,"Philenergy Co.",operating,false,378340.KQ,0,true,0,0,false,false,21,true,PARTIAL,no-past-quarters|no-fundamentals
PTMP IJ,"PT Mitra Pack Tbk",operating,false,PTMP.JK,0,true,0,0,true,true,22,true,PARTIAL,no-past-quarters
448280 KS,"ECOEYE",operating,false,448280.KQ,0,true,0,0,true,true,21,true,PARTIAL,no-past-quarters
114190 KS,"KANGWON ENERGY Co.",operating,false,114190.KQ,0,true,0,0,true,true,21,true,PARTIAL,no-past-quarters
6516 JP,"Sanyo Denki Co.",operating,false,6516.T,2,true,2,0,true,true,21,true,OK,
000650 KS,"Chunil Express Co.",operating,false,000650.KS,0,true,0,0,true,true,21,true,PARTIAL,no-past-quarters
1SKFB IM,"SKF",operating,false,1SKFB.MI,0,true,0,3,false,true,20,true,PARTIAL,no-past-quarters
TNU3 GR,"Getlink SE",operating,false,TNU3.F,0,true,0,0,true,true,21,true,PARTIAL,no-past-quarters
603713 CH,"Milkyway Intelligent Supply Chain Service GroupCo.",operating,false,603713.SS,0,true,0,3,true,true,22,true,PARTIAL,no-past-quarters
AVX GR,"Advanced Energy Industries",operating,false,AVX.F,0,true,0,4,true,true,21,true,PARTIAL,no-past-quarters
SALZERELEC IN,"SALZER ELECTRONICS",operating,false,SALZERELEC.BO,0,true,0,4,true,true,21,true,PARTIAL,no-past-quarters
4224 JP,"Lonseal",operating,false,4224.T,2,true,2,0,true,true,21,true,OK,
0038 HK,"First Tractor Company",operating,false,0038.HK,2,true,2,0,true,true,21,true,OK,
8341 TT,"Sunny Friend Environmental Technology Co.",operating,false,8341.TW,3,true,3,2,true,true,22,true,OK,
MANAS TI,"Manas Enerji Yonetimi Sanayi Ve Ticaret Anonim Sirketi",operating,false,MANAS.IS,0,true,0,0,true,true,19,true,PARTIAL,no-past-quarters
002993 C1,"Dongguan Aohai Technology Co.",operating,false,002993.SZ,0,true,0,0,true,true,22,true,PARTIAL,no-past-quarters
6208 JP,"Ishikawa Seisakusho",operating,false,6208.T,2,true,2,0,true,true,21,true,OK,
1905 JP,"Tenox",operating,false,1905.T,2,true,2,0,true,true,21,true,OK,
KSX GR,"Knight-Swift Transportation Holdings",operating,false,KSX.F,0,true,0,3,true,true,21,true,PARTIAL,no-past-quarters
AAL US,"American Airlines Group",operating,false,AAL,4,true,4,4,true,true,20,true,OK,
1HII IM,"Huntington Ing",operating,false,1HII.MI,0,true,0,4,true,true,20,true,PARTIAL,no-past-quarters
601882 CH,"Ningbo Haitian Precision Machinery Co.,Ltd.",operating,false,601882.SS,0,true,0,3,true,true,22,true,PARTIAL,no-past-quarters
002633 C1,"Shenke Slide Bearing",operating,false,002633.SZ,0,true,0,0,true,true,22,true,PARTIAL,no-past-quarters
605069 CH,"Beijing ZEHO Waterfront Ecological Environment Treatment Co.",operating,false,605069.SS,0,true,0,0,true,true,22,true,PARTIAL,no-past-quarters
600302 CH,"Xi'an Typical Industries Co.,Ltd",operating,false,600302.SS,0,true,0,0,true,true,22,true,PARTIAL,no-past-quarters
BK8N GR,"NV Bekaert",operating,false,BK8N.F,0,true,0,0,true,true,21,true,PARTIAL,no-past-quarters
688517 CH,"JinGuan Electric Co.",operating,false,688517.SS,0,true,0,0,true,true,22,true,PARTIAL,no-past-quarters
6835 TT,"Complex Micro Interconnection Co.,Ltd.",operating,false,6835.TW,0,true,0,0,true,true,22,true,PARTIAL,no-past-quarters
001277 C1,"Zhengzhou Suda Industry Machinery Service Co.",operating,false,001277.SZ,0,true,0,0,true,true,22,true,PARTIAL,no-past-quarters
002295 C1,"Guangdong JingYi Metal CO.,Ltd",operating,false,002295.SZ,0,true,0,1,true,true,22,true,PARTIAL,no-past-quarters
300865 C1,"Chengdu Dahongli Machinery Co.,Ltd.",operating,false,300865.SZ,0,true,0,0,true,true,22,true,PARTIAL,no-past-quarters
0G8 GR,"Socionext",operating,false,0G8.F,0,true,0,0,true,true,21,true,PARTIAL,no-past-quarters
SANSERA IN,"Sansera Engineering",operating,false,SANSERA.BO,4,true,4,4,true,true,21,true,OK,
0011T0 KS,"CHAEVI",operating,false,0011T0.KQ,0,true,0,0,true,true,21,true,PARTIAL,no-past-quarters
003720 KS,"Samyoung Co.,Ltd.",operating,false,003720.KS,0,true,0,4,true,true,21,true,PARTIAL,no-past-quarters
MCD US,"McDonald's",operating,false,MCD,4,true,4,4,true,true,20,true,OK,
035150 KS,"BAIKSAN Co,.",operating,false,035150.KS,0,true,0,4,true,true,21,true,PARTIAL,no-past-quarters
9956 JP,"Valor Holdings Co.",operating,false,9956.T,2,true,2,0,true,true,21,true,OK,
7458 JP,"Daiichikosho Co.",operating,false,7458.T,3,true,3,0,true,true,21,true,OK,
002348 C1,"Goldlok Holdings(Guangdong) Co.,Ltd.",operating,false,002348.SZ,1,true,1,1,true,true,22,true,OK,
0881 HK,"Zhongsheng Group Holdings",operating,false,0881.HK,0,true,0,0,true,true,21,true,PARTIAL,no-past-quarters
NAHARSPING IN,"Nahar Spinning Mills",operating,false,NAHARSPING.BO,1,true,1,0,true,true,2,true,PARTIAL,thin-price-history
EZV GR,"Domino's Pizza",operating,false,EZV.F,0,true,0,4,true,true,21,true,PARTIAL,no-past-quarters
2764 JP,"Hiramatsu",operating,false,2764.T,2,true,2,0,true,true,21,true,OK,
C9F0 GR,"Chipotle Mexican Grill",operating,false,C9F0.F,0,true,0,4,true,true,21,true,PARTIAL,no-past-quarters
SMNNY US,"Shimano",operating,false,SMNNY,0,true,0,0,true,true,19,true,PARTIAL,no-past-quarters
SRI GR,"Sun Art Retail Group",operating,false,SRI.SG,0,false,0,0,false,false,2,true,EMPTY,no-past-quarters|thin-price-history|no-fundamentals
LEVI US,"Levi Strauss &",operating,false,LEVI,4,true,4,4,true,true,20,true,OK,
1361 HK,"361 Degrees International",operating,false,1361.HK,0,true,0,0,true,true,21,true,PARTIAL,no-past-quarters
1563 TT,"SuperAlloy Industrial Co.",operating,false,1563.TW,4,true,4,3,true,true,22,true,OK,
605255 CH,"Ningbo TIP Rubber Technology Co.,Ltd",operating,false,605255.SS,0,true,0,0,true,true,22,true,PARTIAL,no-past-quarters
2702 TT,"Hotel Holiday Garden",operating,false,2702.TW,0,true,0,0,true,true,22,true,PARTIAL,no-past-quarters
SHIVATEX IN,"Shiva Texyarn",operating,false,SHIVATEX.BO,3,true,3,0,true,true,21,true,OK,
5FY GR,"Resorttrust",operating,false,5FY.F,0,true,0,0,true,true,21,true,PARTIAL,no-past-quarters
7705 TT,"Mercuries F&B Co.",operating,false,7705.TW,0,true,0,0,true,true,22,true,PARTIAL,no-past-quarters
603238 CH,"HangZhou Nbond Nonwovens Co.",operating,false,603238.SS,0,true,0,0,true,true,22,true,PARTIAL,no-past-quarters
JMA IN,"Jullundur Motor Agency (Delhi)",operating,false,JMA.NS,0,true,0,0,true,true,21,true,PARTIAL,no-past-quarters
442A JP,"CLASSICO",operating,false,442A.T,1,true,1,0,true,false,21,true,OK,
VIPCLOTHNG IN,"VIP Clothing",operating,false,VIPCLOTHNG.BO,0,true,0,0,true,true,21,true,PARTIAL,no-past-quarters
3192 JP,"Shirohato Co.",operating,false,3192.T,2,true,2,0,true,true,21,true,OK,
SAVERA IN,"Savera Industries",operating,false,SAVERA.BO,2,true,2,0,true,true,21,true,OK,
603982 CH,"Nanjing Chervon Auto Precision Technology Co.",operating,false,603982.SS,0,true,0,0,true,true,22,true,PARTIAL,no-past-quarters
002799 C1,"Xi'an Global Printing Co.",operating,false,002799.SZ,0,true,0,0,true,true,22,true,PARTIAL,no-past-quarters
200045 C1,"Shenzhen Textile (Holdings) Co.",operating,false,200045.SZ,0,true,0,3,true,true,22,true,PARTIAL,no-past-quarters
7372 JP,"Decollte Holdings",operating,false,7372.T,2,true,2,0,true,true,21,true,OK,
301539 C1,"Zhejiang Hongxin Technology Co.",operating,false,301539.SZ,0,true,0,0,true,true,22,true,PARTIAL,no-past-quarters
KMBB34 BZ,"Kimberly-Clark",operating,false,KMBB34.SA,0,true,0,4,true,true,20,true,PARTIAL,no-past-quarters
2602 JP,"The Nisshin OilliO Group,Ltd.",operating,false,2602.T,4,true,4,0,true,true,21,true,OK,
EMAMILTD IN,"Emami",operating,false,EMAMILTD.BO,4,true,4,4,true,true,21,true,OK,
PRDM IT,"Prodalim Investments",operating,false,PRDM.TA,0,true,0,0,true,true,19,true,PARTIAL,no-past-quarters
2813 JP,"Wakou Shokuhin Co.",operating,false,2813.T,2,true,2,0,true,true,21,true,OK,
0667 HK,"China East Education Holdings",operating,false,0667.HK,0,true,0,0,true,true,21,true,PARTIAL,no-past-quarters
KKOYY US,"Kesko Oyj",operating,false,KKOYY,0,true,0,3,true,true,19,true,PARTIAL,no-past-quarters
PND GR,"Mowi ASA",operating,false,PND.F,0,true,0,4,true,true,21,true,PARTIAL,no-past-quarters
TSGTF US,"Tsingtao Brewery Company",operating,false,TSGTF,0,true,0,3,true,true,19,true,PARTIAL,no-past-quarters
1112 HK,"Health and Happiness (H&H) International Holdings",operating,false,1112.HK,0,true,0,0,true,true,21,true,PARTIAL,no-past-quarters
GDNGY US,"PT Gudang Garam Tbk",operating,false,GDNGY,0,true,0,4,false,true,19,true,PARTIAL,no-past-quarters
PRDO US,"Perdoceo Education",operating,false,PRDO,4,true,4,4,true,true,19,true,OK,
2BU GR,"Bumitama Agri",operating,false,2BU.F,0,true,0,2,false,true,21,true,PARTIAL,no-past-quarters
MH US,"McGraw Hill",operating,false,MH,3,true,3,3,true,true,19,true,OK,
1NWL IM,"NEWELL BRANDS",operating,false,1NWL.MI,0,true,0,4,true,true,20,true,PARTIAL,no-past-quarters
9CB GR,"Calbee",operating,false,9CB.F,0,true,0,0,true,true,21,true,PARTIAL,no-past-quarters
NEAGI IN,"Neelamalai Agro Industries",operating,false,NEAGI.BO,0,true,0,0,true,true,21,true,PARTIAL,no-past-quarters
APURE-R TB,"Agripure Holdings Public Company",operating,false,APURE-R.BK,0,true,0,2,true,true,21,true,PARTIAL,no-past-quarters
APURE TB,"Agripure Holdings Public Company",operating,false,APURE.BK,2,true,2,2,true,true,21,true,OK,
YNNHF US,"Yihai International Holding",operating,false,YNNHF,0,true,0,0,true,true,19,true,PARTIAL,no-past-quarters
ASPINWALL IN,"Aspinwall and Company",operating,false,ASPINWALL.NS,0,true,0,0,true,true,21,true,PARTIAL,no-past-quarters
037270 KS,"YG Plus",operating,false,037270.KS,0,true,0,2,true,true,21,true,PARTIAL,no-past-quarters
TIMB US,"TIM S.A.",operating,false,TIMB,4,true,4,3,true,true,19,true,OK,
9554 JP,"AViC Co.",operating,false,9554.T,2,true,2,0,true,true,21,true,OK,
LLYVK US,"Liberty Live Holdings",operating,false,LLYVK,3,true,3,3,true,true,19,true,OK,
000676 C1,"Genimous Technology Co.",operating,false,000676.SZ,0,true,0,0,true,true,22,true,PARTIAL,no-past-quarters
QB3 GR,"Quebecor",operating,false,QB3.F,0,true,0,3,true,true,21,true,PARTIAL,no-past-quarters
HLTOY US,"Hellenic Telecommunications Organization S.A.",operating,false,HLTOY,0,true,0,2,true,true,19,true,PARTIAL,no-past-quarters
4170 JP,"Kaizen Platform",operating,false,4170.T,2,true,2,0,true,true,21,true,OK,
ADCOUNTY IN,"ADCOUNTY MEDIA INDIA",operating,false,ADCOUNTY.BO,0,true,0,0,true,true,21,true,PARTIAL,no-past-quarters
6VO0 GR,"Reddit",operating,false,6VO0.F,0,true,0,4,true,true,21,true,PARTIAL,no-past-quarters
GENI US,"Genius Sports",operating,false,GENI,4,true,4,4,true,true,19,true,OK,
3985 JP,"TEMONA.inc.",operating,false,3985.T,2,true,2,0,true,true,21,true,OK,
SPORTS MM,"Grupo Sports World, S.A.B. de C.V.",operating,false,SPORTS.MX,2,true,2,4,true,true,20,true,OK,
AH91 GR,"AMC Entertainment Holdings",operating,false,AH91.F,0,true,0,4,true,true,21,true,PARTIAL,no-past-quarters
VIV FP,"Vivendi SE",operating,false,VIV.PA,1,true,1,0,true,true,20,true,OK,
ZD US,"Ziff Davis",operating,false,ZD,4,true,4,4,true,true,19,true,OK,
1VIV IM,"Vivendi SE",operating,false,1VIV.MI,0,true,0,0,true,true,20,true,PARTIAL,no-past-quarters
9505 JP,"Hokuriku Electric Power",operating,false,9505.T,4,true,4,0,true,true,21,true,OK,
600163 CH,"Zhongmin Energy Co.",operating,false,600163.SS,0,true,0,4,true,true,22,true,PARTIAL,no-past-quarters
BEP US,"Brookfield Renewable Partners L.P.",operating,false,BEP,4,true,4,4,true,true,19,true,OK,
SCRPF US,"Sembcorp Industries",operating,false,SCRPF,0,true,0,0,true,true,19,true,PARTIAL,no-past-quarters
HWI GR,"Hawaiian Electric Industries",operating,false,HWI.F,0,true,0,4,true,true,21,true,PARTIAL,no-past-quarters
C3TA GR,"Central Puerto S.A.",operating,false,C3TA.F,0,true,0,4,true,true,20,true,PARTIAL,no-past-quarters
AMP LN,"AMPEAK ENERGY",operating,false,AMP.L,0,true,0,0,true,true,20,true,PARTIAL,no-past-quarters
BWN SJ,"Balwin Properties",operating,false,BWN.JO,0,true,0,0,true,true,20,true,PARTIAL,no-past-quarters
377450 KS,"REFINE Co.",operating,false,377450.KQ,0,true,0,0,true,true,21,true,PARTIAL,no-past-quarters
EGO GR,"EastGroup Properties",operating,false,EGO.F,0,true,0,4,true,true,21,true,PARTIAL,no-past-quarters
LINE US,"Lineage",operating,false,LINE,4,true,4,4,true,true,19,true,OK,
601828 CH,"Red Star Macalline Group Corporation",operating,false,601828.SS,0,true,0,0,true,true,22,true,PARTIAL,no-past-quarters
LLC AU,"Lendlease",operating,false,LLC.AX,0,true,0,0,true,true,22,true,PARTIAL,no-past-quarters
CIP AU,"Centuria Industrial REIT",operating,false,CIP.AX,0,true,0,0,true,false,22,true,PARTIAL,no-past-quarters
600159 CH,"Beijing Dalong Weiye Real Estate Development Co.,Ltd",operating,false,600159.SS,0,true,0,0,true,true,22,true,PARTIAL,no-past-quarters
002133 C1,"Cosmos Group Co.",operating,false,002133.SZ,0,true,0,0,true,true,22,true,PARTIAL,no-past-quarters